Giving Entity ID,Donor,Website,Currently Operating?,Product Type,Details,Email Address,Phone Number,Address,EIN,Total Donated,Number of Donations,Date of Most Recent Donation,Amount of Most Recent Donation,Most Recent Thank You,Notes,,,,,,,,,,,,,
UNK1507,Amazon Smile Foundation,N/A,Defunct,Fundraising Service,Donates 0.5% of the price of eligible purchases,N/A,N/A,N/A,N/A,"$1,616.28 ",37,5/31/2023,$37.55 ,,,,,,,,,,,,,,,
UNK1508,"Antique Portraiture, Inc.",www.promotionalphotographers.com,Operating,Private Business,Portraiture,customerservice@promotionalphotographers.com,(562) 801-4733,"9587 Slauson Avenue, 
Pico Rivera, CA 90660",N/A,$554.00 ,3,2/4/2014,$222.00 ,,,,,,,,,,,,,,,
UNK1509,Ardon V. City of LA Claims Admin,N/A,Defunct,N/A,Lawsuit pay-out,N/A,N/A,N/A,N/A,$50.00 ,1,12/26/2019,$50.00 ,,,,,,,,,,,,,,,
UNK1576,Benevity,https://benevity.com/,Operating,Fundraising Service,"The firm's products support companies in managing and tracking their employees' charitable giving, promoting charitable giving and volunteering, while reducing the costs of companies processing donations themselves.",N/A,N/A,N/A,N/A,$238.00 ,1,5/31/2022,$238.00 ,,,,,,,,,,,,,,,
UNK1510,Big Sunday,https://bigsunday.org/,Operating,Fundraising Service,"We offer an enormous variety of opportunities and projects that unite people to improve lives, build community, and give everyone a sense of belonging.",info@bigsunday.org,323-549-9944,"1741 North Cherokee Avenue, 
Los Angeles, CA 90028",42-1765317,$396.93 ,1,6/14/2011,$396.93 ,,,,,,,,,,,,,,,
UNK1511,"Books Are Fun, Ltd.",https://booksarefun.com/,Operating,Fundraising Service,"Our program partners with schools to provide students access to a diverse range of books at home, encouraging literacy, imagination, and lifelong learning.",bookblastsupport@booksarefun.com,833-425-7736,"1140 US Hwy 287, Ste. 400, Box 299, 
Broomfield, CO 80020",N/A,"$2,884.25 ",6,9/21/2009,$405.00 ,,,,,,,,,,,,,,,
UNK1512,Bubblemania and Company LA,https://www.bubblemaniaandco.com/,Operating,Event Planning,"We provide the best kids party entertainment in town for first communion, Christmas, Halloween, family reunion, preschool events, and more. With bubbles inside giant bubbles, colorful balloons twisted in different sizes & shapes and creative face paintings and temporary tattoos, hire the best kid’s party entertainers to bring fun and enjoyment to your event.",bubblemania87@gmail.com,310 446 6115,"Bubblemania and Company, 12405 Venice Blvd, #384, Los Angeles, CA 90066",N/A,$100.00 ,1,4/17/2014,$100.00 ,,,,,,,,,,,,,,,
,Caplan Foundation for Early Childhood,https://earlychildhoodfoundation.org/,Operating,Grant-giving,"The Caplan Foundation for Early Childhood is an incubator of promising research and development projects that appear likely to improve the welfare of young children, from infancy through 7 years, in the United States.",info@earlychildhoodfoundation.org,1 570 484 5155,"Caplan Foundation for Early Childhood
c/o Amanda Liedtka, CPA
P.O. Box 746 Lock Haven, PA
17745",,,,,,,,,,,,,,,,,,,,
,Charles Stewart Mott Foundation,https://www.mott.org/,Operating,Grant-giving,"Over more than nine decades, the Mott Foundation has sought to advance and strengthen the well-being of all aspects of community — from individuals and families to the institutions that serve them. We continue to refine our work to reflect changing conditions in our hometown of Flint and communities around the world. Learn more about how we pursue our mission of promoting a just, equitable and sustainable society.",,,,,,,,,,"Submitting Inquiries
Using our online LOI form is the best way to introduce your work to us and ensure a timely response. However, if you prefer to mail your information, please mark the envelope LETTER OF INQUIRY and mail to:

Office of Proposal Entry
Charles Stewart Mott Foundation
Mott Foundation Building
503 S. Saginaw Street, Suite 1200
Flint, MI 48502-1851
U.S.A.

The letter should describe the purpose and objectives of the project, general methodology and total cost of the project.",,,,,,,,,,,,,
UNK1513,"Child Related Research, Inc.",https://crr.net/,Operating,Private Business,"Since 1970, the team at Child Related Research has been dedicated to package research. Our sole focus is on senior-friendly and child-resistant packaging certification for several industries, including pharmaceuticals, beauty/cosmetics, household chemicals, and EPA-specific businesses.",N/A,(801) 904-3893,"448 East Winchester Street 
Suite 140, 
Murray, Utah 84107",N/A,$20.00 ,2,10/28/2010,$10.00 ,,,,,,,,,,,,,,,
UNK1514,City Of Los Angeles Giving Fund (ASNC),https://empowerla.org/asnc/,Operating,Grant-giving,Arroyo Seco Neighborhood Council,N/A,N/A,"P.O. Box 42254, 
Los Angeles CA 90042",N/A,"$5,000.00 ",2,11/4/2019,"$2,500.00 ",,,,,,,,,,,,,,,
UNK1515,Community Discount Card Fundraising,https://www.cdccard.com/,Operating,Fundraising Service,We are California’s largest discount card producer and we have cards in about 250 California cities ready for immediate delivery. We work with almost 1000 groups on a yearly basis.,cdc@cdccard.com,1 (800) 974-6275,"18103 Sky Park Circle, Unit #D2, 
Irvine, CA 92614",N/A,"$1,690.00 ",8,7/9/2008,"$1,300.00 ",,,,,,,,,,,,,,,
UNK1516,Controller Ron Galperin,N/A,Defunct,Political Giving,"Galperin was elected Los Angeles City Controller in 2013, and re-elected in 2017. He was a candidate in the 2022 California State Controller election.",N/A,N/A,N/A,N/A,$250.00 ,1,10/20/2018,$250.00 ,,,,,,,,,,,,,,,
UNK1517,Costume Supercenter,https://www.costumesupercenter.com/,Operating,Private Business,Costume Supercenter sells a variety of costumes for many occasions.,N/A,N/A,N/A,N/A,$35.01 ,1,1/25/2013,$35.01 ,,,,,,,,,,,,,,,
UNK1518,Council Member Paul Koretz Cd 5,N/A,Defunct,Political Giving,"Paul Koretz (born April 3, 1955) is an American politician, who served as a member of the Los Angeles City Council for the 5th district from 2009 until he was term-limited in 2022.[1] He was previously a member of the California State Assembly and the West Hollywood City Council.",N/A,N/A,N/A,N/A,$500.00 ,1,10/14/2019,$500.00 ,,,,,,,,,,,,,,,
UNK1519,Custom Ink,https://www.customink.com/,Operating,Private Business,"At Custom Ink, we’re about more than shirts. We’re about you and everything you love. The passion you share with your group, club, or team; the excitement you have for your event or cause; and the drive that makes your business stand out from the rest. We believe that custom t-shirts do more than just make you look good - they help you feel good and inspire you to do good as well.",N/A,855-256-1652,N/A,N/A,$187.36 ,1,6/28/2013,$187.36 ,,,,,,,,,,,,,,,
UNK1520,"David E. Ryu, Councilmember",N/A,Defunct,Political Giving,"David Eun Seok Ryu (Korean: 유은석; born 1975) is an American politician, who served as the Los Angeles City Councilman for District 4 from 2015 to 2020.[2] He is the first Korean-American to hold a council seat in Los Angeles, California,[2] and the first Asian-American to serve on Los Angeles City Council Leadership.[3] Ryu was defeated by Nithya Raman in the November 3rd, 2020 general election.[4][5]",N/A,N/A,N/A,N/A,"$1,000.00 ",1,9/30/2018,"$1,000.00 ",,,,,,,,,,,,,,,
UNK1521,Discount School Supply,https://www.discountschoolsupply.com/,Operating,Private Business,"Discount School Supply had its beginning in a small retail store selling educational products. Founder Ron Elliott had creative ideas about how he could supply more products to respond to teacher‘s needs. The Discount School Supply catalog was born, the place where you can BUY WHERE TEACHERS BUY®.",customerservice@discountschoolsupply.com,1-800-627-2829,"P.O. Box 734309, 
Chicago, Il 60673-4309",N/A,$359.46 ,2,2/3/2012,$285.22 ,,,,,,,,,,,,,,,
UNK1522,Dog Haus LLC,https://doghaus.com/fundraising/,Operating,Restaurant,"We believe that active community support makes everyone’s lives better. And we’re committed to put that belief into action, so we’ve created a Dine Out fundraising program that is a simple and effective way for local nonprofits to enjoy food, fun and fellowship while raising money for their favorite cause.
Dog Haus will donate 20 percent of all sales (excluding sales tax) generated by your organization at the Dine Out: the more people you bring in to eat, the more money your organization can make!",N/A,N/A,N/A,,$100.00 ,1,11/27/2011,$100.00 ,,,,,,,,,,,,,,,
UNK1523,Drivewise Auto,https://www.drivewiseauto.com/,Operating,Grant-giving,"When you buy or lease a vehicle from DriveWise Auto, we make a donation to your favorite charity, but the giving doesn’t stop there! We make an additional contribution to that charity each time you refer a new client who buys or leases a vehicle from us.",info@drivewiseauto.com,818.345.5555,"6862 Hayvenhurst Ave, Unit D, 
Van Nuys, CA 91406",N/A,$50.00 ,1,2/14/2019,$50.00 ,,,,,,,,,,,,,,,
,Early Educator Investment Collaborative,https://earlyedcollaborative.org/,Defunct,Grant-giving,The Early Educator Investment Collaborative’s goal is to accelerate progress in the early childhood education profession and ensure early educators have the supports they need to be well-prepared and appropriately compensated.,"info@earlyedcollaborative.org 
Please note that The Collaborative does not accept unsolicited proposals.",N/A,N/A,,,,,,,,,,,,,,,,,,,,
UNK1524,Ecophones,https://www.recyclingfundraiser.com/,Operating,Fundraising Service,"Founded in 2001, EcoPhones is a leader in cell phone, jewelry, laptop/netbook computer, ink jet cartridge & consumer electronics recycling & fundraising. Working with over 55,000 schools, churches, corporations and community groups throughout the United States, EcoPhones is a leader in the large scale collection of electronic waste and scrap metal.",info@RecyclingFundraiser.com,1-888-326-7466,N/A,N/A,$39.85 ,3,1/25/2013,$10.70 ,,,,,,,,,,,,,,,
UNK1525,Eventbrite,https://www.eventbrite.com/,Operating,Fundraising Service,Create Events and Sell Tickets — Host your holiday event on Eventbrite for free! Publish unlimited events on Eventbrite. Boost your ticket sales by 63% this Holiday season. Publish your events for free.,N/A,N/A,N/A,N/A,"$1,912.68 ",1,8/10/2018,"$1,912.68 ",,,,,,,,,,,,,,,
,First Five Years Fund,https://www.ffyf.org/,Operating,N/A,"FFYF works to protect, prioritize, and build support for early learning and child care programs at the federal level. 

We work with lawmakers on both sides of the aisle to identify federal solutions that work for children, families and taxpayers, as well as states and communities. 

We work with policy makers to identify and advance new and innovative ways to increase access to high-quality child care and early learning programs for children from low-income families.",N/A,N/A,"50 F St NW Suite 740
Washington, DC 20001",,,,,,,,,,,,,,,,,,,,
UNK1526,Flappers Comedy Club & Restaurant,https://www.flapperscomedy.com/,Operating,Restaurant,Flappers Comedy Club and Restaurant is a live comedy club in Burbank,N/A,(818) 845-9721,"102 E Magnolia Blvd, 
Burbank, CA 91502",N/A,"$1,064.00 ",3,11/9/2015,$369.00 ,,,,,,,,,,,,,,,
UNK1527,"Freetime Media, Inc.",N/A,Defunct,Private Business,N/A,N/A,N/A,N/A,N/A,$50.00 ,1,2/27/2007,$50.00 ,,,,,,,,,,,,,,,
UNK1528,Goodsearch / Goodshop,https://www.goodshop.com/,Operating,Fundraising Service,"Not only do we provide the best shopping deals on the internet, but we also make a donation to the nonprofit or school of your choice for almost every purchase you make. That's right: when you shop with Goodshop you don't just save. You also give, at no extra cost.",information@goodshop.com,N/A,N/A,N/A,$459.71 ,16,11/28/2017,$19.39 ,,,,,,,,,,,,,,,
UNK1529,GSA,https://www.gsa.gov/about-us/gsa-regions/region-9-pacific-rim/buildings-and-facilities/california/300-north-los-angeles-federal-building,Operating,Grant-giving,General Services Administration,N/A,N/A,"300 N Los Angeles St, 
Los Angeles, CA 90012",N/A,$512.75 ,1,10/1/2007,$512.75 ,,,,,,,,,,,,,,,
UNK1530,Harry Pregerson Board,N/A,Operating,Grant-giving,N/A,N/A,N/A,N/A,N/A,"$3,271.56 ",4,11/4/2008,$579.25 ,,,,,,,,,,,,,,,
,Hearst Foundations,https://www.hearstfdn.org/home,Operating,Grant-giving,"The mission of the Hearst Foundations is to identify and fund outstanding nonprofits to ensure that people of all backgrounds in the United States can build healthy, productive and satisfying lives. Through its grantmaking, the Hearst Foundations support well-established nonprofit organizations that address significant issues within their major areas of focus—culture, education, health and social service—and that primarily serve large demographic and/or geographic constituencies. In each area of funding, the Foundations seek to identify those organizations achieving truly differentiated results relative to other organizations making similar efforts for similar populations. The Foundations also look for evidence of sustainability beyond their support.",hearst.sf@hearstfdn.org,415-908-4500,"90 New Montgomery Street
Suite 1212
San Francisco, California
94105",,,,,,,,,,,,,,,,,,,,
UNK1531,"Hearts That Care, Inc.",N/A,Defunct,N/A,N/A,N/A,N/A,N/A,N/A,$500.00 ,1,4/18/2011,$500.00 ,,,,,,,,,,,,,,,
,Henry Mayo Newhall Foundation,https://www.newhallfoundation.org/index.php,Operating,Grant-giving,"The Henry Mayo Newhall Foundation is a private family foundation whose mission is “to improve the quality of life within the geographical areas associated with the career and legacy of California pioneer, Henry Mayo Newhall.”",info@newhallfoundation.org,(415) 981-2966,"Henry Mayo Newhall Foundation
c/o Kramer, Blum & Associates
P.O. Box 6106
San Rafael, CA 94903",,,,,,,,,,,,,,,,,,,,
UNK1532,"Herb Wesson, Council President",N/A,Defunct,Political Giving,"Herman J. ""Herb"" Wesson Jr. is an American politician who served as a councilmember representing the 10th District for three terms between July 1, 2005 and December 14, 2020, and again on an appointed basis from March 22, 2022 until August 25, 2022.",N/A,N/A,N/A,N/A,"$2,500.00 ",1,11/20/2018,"$2,500.00 ",,,,,,,,,,,,,,,
UNK1533,Highland Park Ebell Club,https://www.ebellofla.org/,Operating,Grant-giving,"Our mission is to inspire women and build community through arts, culture, education, service, and stewardship of our historic campus and collections.",ebell@ebellofla.org,(323) 931-1277,"The Ebell of Los Angeles
743 S Lucerne Blvd, 
Los Angeles, California 90005",N/A,$50.00 ,1,2/25/2014,$50.00 ,,,,,,,,,,,,,,,
UNK1534,Inchbug,www.inchbug.com,Operating,Fundraising Service,"Earn 20% commission on every sale.
No minimum student amount requirement.
Marketing materials included (website banner, Instagram post, flyer).
No need to distribute or sort orders. We handle everything!",frances@inchbug.com,877 462-4284,"9421 Neils Thompson Dr. 
Austin, TX 78758",N/A,,,,,,,,,,,,,,,,,,,
UNK1535,Innisbrook Wraps,https://innisbrook.com/,Operating,Fundraising Service,Wrapping Paper,customerservice@innisbrook.com,N/A,"422 N Chimney Rock Rd, 
Greensboro, NC 27410",N/A,"$9,095.95 ",5,10/28/2014,$92.25 ,,,,,,,,,,,,,,,
UNK1536,Jewish Community Foundation of Los Angeles,https://www.jewishfoundationla.org/,Operating,Grant-giving,"Established in 1954, the Jewish Community Foundation of Los Angeles manages charitable assets of more than $1.3 billion entrusted to it by 1,400 families. The Foundation partners with clients to shape meaningful philanthropic strategies, magnify the impact of giving, and build enduring charitable legacies. In 2023, The Foundation and its clients distributed nearly $177 million to more than 2,500 nonprofits that span the range of philanthropic giving. Over the past 10 years, it has distributed nearly $1 billion to thousands of nonprofits across a diverse spectrum. www.jewishfoundationla.org",jkeller@jewishfoundationLA.org,323.761.8700,"6505 Wilshire Blvd., Suite 1200
Los Angeles, California 90048",95-6111928,"$5,000.00 ",1,3/31/2016,"$5,000.00 ",,,,,,,,,,,,,,,
UNK1537,Johnny Rockets,https://fundraising.johnnyrockets.com/,Operating,Restaurant,"Join us at Johnny Rockets and enjoy burgers, shakes, fries and fun. You chill, and we'll grill. Ketchup at Johnny Rockets with friends, and have some handspun fun!",N/A,N/A,N/A,N/A,$238.38 ,1,1/22/2010,$238.38 ,,,,,,,,,,,,,,,
UNK1538,"Jose Huizar, Councilmember",N/A,Defunct,Political Giving,"Huizar was elected on November 8, 2005, in a special election to fill the seat vacated by the then-mayor of Los Angeles, Antonio Villaraigosa. He was re-elected to a full four-year term in 2007 and again in 2011. In 2015, he was re-elected but to an extended term due to new city laws.

Huizar was arrested and indicted on June 23, 2020, on federal corruption charges, leading to his suspension from council. In 2023 he pleaded guilty to charges of racketeering and tax evasion. On Jan 26, 2024 he was sentenced to 13 years in prison. Huizar was sentenced by United States District Judge John F. Walter, who also ordered him to pay $443,905 in restitution to the City of Los Angeles and $38,792 in restitution to the IRS.",N/A,N/A,N/A,N/A,"$2,500.00 ",1,11/20/2018,"$2,500.00 ",,,,,,,,,,,,,,,
UNK1562,Joy on York,https://www.joyonyork.com/,Operating,Restaurant,Taiwanese classics get a hip twist at this Highland Park eatery from the Pine & Crane team. SK Restaurant Concepts,joymanagement@pineandcrane.com,323-999-7642,"5100 York Blvd, 
Los Angeles, CA 90042",,"$2,660.00 ",2,8/13/2024,"$1,253.00 ",,,,,,,,,,,,,,,
UNK1539,Kroger,https://www.kroger.com/i/community/community-rewards,Operating,Fundraising Service,"The Kroger Family of Companies is committed to community engagement, positive social impact and charitable giving at the national and local levels. Every community is unique, but our common goal is to partner with the neighborhoods we serve and help the people there live healthier lives.
One of the ways in which we do this is through our Kroger Community Rewards program. This program makes fundraising easy by donating to local organizations based on the shopping you do every day. Once you link your Card to an organization, all you have to do is shop at Kroger and swipe your Shopper’s Card.",N/A,N/A,N/A,N/A,$699.78 ,14,4/8/2024,$28.07 ,,,,,,,,,,,,,,,
UNK1540,LA Conservancy,https://www.laconservancy.org/,Operating,N/A,We’re delighted to share that the Preservation Advocacy Fund has been renamed the PRESERVATION ANNUAL FUND! This change reflects our commitment to protecting historic places in Los Angeles and strengthening our educational programs that inspire the next generation of preservationists.,info@laconservancy.org,(213) 623-2489,"523 W. Sixth St., Suite 826, 
Los Angeles, CA 90014",N/A,$15.00 ,1,5/14/2007,$15.00 ,,,,,,,,,,,,,,,
UNK1541,Label Daddy,https://www.labeldaddy.com/pages/fundraising,Operating,Fundraising Service,"Perfect for schools, preschools, camps, sports teams and more!
Receive up to 25% commission for your organization or up to a 25% discount for families.
Help eliminate the lost and found pile and earn money back!",N/A,N/A,N/A,N/A,$34.99 ,3,8/19/2014,$10.00 ,,,,,,,,,,,,,,,
UNK1542,Lifetouch National School Studios,lifetouch.com,Operating,Fundraising Service,"We specialize in capturing beautiful pictures of infants to toddlers for preschools and daycares nationwide. Our photographers are passionate about getting genuine smiles, and expressions from every child. Take a look at why we are the leading experts in preschool photography.",N/A,N/A,N/A,N/A,"$12,098.20 ",84,7/4/2024,$149.17 ,,,,,,,,,,,,,,,
UNK1543,"Loc, Inc.",https://www.loc-arch.com/,Operating,Private Business,"LOC is an award winning, process-driven, and socially responsive architecture practice committed to the creation of transformative experiences through the built environment.",office@loc-arch.com,1 (213) 537-0480,"3203 E. 4th St., 
Los Angeles, CA 90063",N/A,$90.00 ,1,11/2/2016,$90.00 ,,,,,,,,,,,,,,,
UNK1544,Los Angeles Neighborhood Initiative,https://www.lani.org/,Operating,Grant-giving,"LANI partners with residents, businesses, community groups and local leaders to create walkable, green, safe neighborhoods with equitable access to resources, open spaces, public transit, and economic opportunity.",lani@lani.org,(213) 627-1822,"800 S Figueroa Street Suite 670
Los Angeles CA 90017",N/A,"$2,550.00 ",1,12/27/2011,"$2,550.00 ",,,,,,,,,,,,,,,
UNK1545,"Lovable Labels, Inc.",https://www.lovablelabels.ca/us/fundraiser-program/,Operating,Fundraising Service,"Need an easy way to raise money for your school, child care center, sports team and want to sell something that people actually want and love. We have the perfect solution for you! Our labels keep families organized and kid's gear out of the lost and found pile! Our fundraisers are easy to set up and we even help promote the fundraiser with customized promotional material and helpful tips to make it a sucess!",hello@lovablelabels.ca,1-866-327-5683,N/A,N/A,$63.66 ,1,2/4/2009,$63.66 ,,,,,,,,,,,,,,,
UNK1546,Marqueece Harris-Dawson Council Member,https://cd8.lacity.gov/about/marqueece-harris-dawson,Operating,Political Giving,"In 2015, Harris-Dawson was elected to represent the Eighth District of Los Angeles, an area home to over 248,000 people, including a significant population of African-American and Latino households. He was elected by 62% of the vote in 2015, ran unopposed in his 2020 campaign, and won by 78% against two other candidates in 2024.",https://cd8.lacity.gov/funding-requests,N/A,N/A,N/A,"$1,500.00 ",2,8/29/2019,"$1,000.00 ",,,,,,,,,,,,,,,
UNK1547,Mary Kay Ash Foundation,https://marykayashfoundation.org/get-involved/team-up-for-women/,Operating,Fundraising Service,"Fundraising to support our two-fold mission is at the heart of the Mary Kay Ash Foundation. That’s why we created Team Up for Women to help our supporters spread awareness and raise funds in support of eliminating cancers affecting women and ending domestic violence.Any time you organize fundraisers, host fundraising events, round up your change on COF orders and more, that’s the heartbeat behind Team Up For Women.",info@marykayashfoundation.org,N/A,"Mary Kay Ash Foundation
P.O. Box 799044
Dallas, TX 75379-9044",N/A,$31.20 ,1,12/15/2010,$31.20 ,,,,,,,,,,,,,,,
UNK1548,Midland Fundraising,https://midlandfundraising.com/,Operating,Fundraising Service,We are a family-owned and operated business with the sole purpose of creating an inclusive and profitable fundraiser for all organizations.,N/A,1-800-624-3050,"3088 E. Commercial Drive, 
Midland, MI 48642",N/A,"$16,463.19 ",33,10/23/2017,$97.00 ,,,,,,,,,,,,,,,
UNK1549,Mount Washington Association,N/A,Defunct,Grant-giving,N/A,N/A,N/A,N/A,,"$5,750.00 ",6,11/28/2017,"$1,000.00 ",,,,,,,,,,,,,,,
UNK1550,Mt. Washington Homeowners Alliance,https://www.mountwashingtonalliance.com/,Operating,Grant-giving,"Preserving, protecting and enhancing the uniqueness and diversity of the Mount Washington community in Los Angeles, California",https://www.mountwashingtonalliance.com/contact,N/A,N/A,,$750.00 ,2,1/5/2022,$500.00 ,,,,,,,,,,,,,,,
UNK1551,Network For Good,https://www.bonterratech.com/product/fundraising-and-engagement,Operating,Fundraising Service,"Attract new donors, increase conversion, and empower your base. With Bonterra fundraising software, you get unparalleled insights and a seamless, sophisticated experience for every supporter at every touchpoint.",N/A,N/A,"10801-2 N Mopac Expy
Suite 300
Austin, TX 78759",,$160.00 ,3,1/1/2021,$50.00 ,,,,,,,,,,,,,,,
UNK1552,Para Los Ninos,https://paralosninos.org/,Operating,Grant-giving,Our early education centers provide students with high-quality academic and social-emotional education. Starting as young as six-weeks we engage parents to ensure a strong support system for their success well beyond preschool.,N/A,213-250-4800,"5000 Hollywood Blvd, Los Angeles, California 90027 (213) 250-4800",,$372.37 ,1,7/28/2009,$372.37 ,,,,,,,,,,,,,,,
UNK1553,Pasadena Community Foundation,https://pasadenacf.org/,Operating,Grant-giving,Pasadena Community Foundation connects our community to important causes and enriches the lives of people in the greater Pasadena area.,pcfstaff@pasadenacf.org,(626) 796-2097,"301 E. Colorado Blvd., Suite 810, 
Pasadena CA 91101",,$500.00 ,2,5/31/2020,$250.00 ,,,,,,,,,,,,,,,
UNK1554,"Pinkberry, Inc.",https://www.pinkberry.com/fundraisers/inquiry/?store=15020&brand=24,Operating,Restaurant,Frozen Yogurt,N/A,(310) 734-7543,"240 S Beverly Dr, #A, 
Beverly Hills CA 90212",,$82.39 ,1,10/28/2013,$82.39 ,,,,,,,,,,,,,,,
UNK1555,Pledgeling Foundation,https://www.pledgelingfoundation.org/,Operating,Fundraising Service,"Pledgeling Foundation is a 501(c)(3) nonprofit organization and donor-advised fund that simplifies charitable giving to help you make a bigger impact in the world. In working closely with Pledgeling Technologies and thousands of other mission-driven companies, we process donations from 90+ countries and regrant them to 2 million organizations, including all U.S.-registered 501(c)(3) public charities in IRS good standing, as well as hundreds of thousands of vetted and verified international charities. Pledgeling Foundation is nonpartisan and headquartered in Venice, California",N/A,N/A,N/A,46-2440594,$574.59 ,1,11/24/2020,$574.59 ,,,,,,,,,,,,,,,
UNK1556,"RMS Communications Group, Inc.",N/A,Defunct,Private Business,N/A,N/A,N/A,N/A,,$10.00 ,1,11/17/2005,$10.00 ,,,,,,,,,,,,,,,
UNK1557,"Rom Com, Inc.",N/A,Defunct,Private Business,N/A,N/A,N/A,N/A,,$500.00 ,1,8/16/2005,$500.00 ,,,,,,,,,,,,,,,
UNK1558,Rubio's Fresh Mexican Grill,https://rubios.com/fundraisers/,Operating,Restaurant,"From sports teams, to schools, to non-profits, a Rubio’s fundraiser can help your organization make the biggest impact in your local community.",N/A,N/A,N/A,,$27.53 ,1,4/12/2012,$27.53 ,,,,,,,,,,,,,,,
UNK1559,Scholastic,https://www.scholastic.com/home,Operating,Fundraising Service,"Scholastic is the world's largest publisher and distributor of children's books, connecting educators and families through accessibility, engagement, and expertise. We are a leading provider of literacy curriculum, professional services, and classroom magazines, and a producer of educational and popular children’s media. Scholastic is currently in 115,000 schools, reaching 3.8 million educators, 54 million students, and 78 million parents/caregivers domestically.",N/A,N/A,N/A,,$444.80 ,1,12/31/1969,$444.80 ,,,,,,,,,,,,,,,
UNK1560,Self Realization Fellowship Church,https://yogananda.org/,Operating,Private Business,"A worldwide fellowship devoted to the discovery of peace, joy and prosperity in everyday life through communion with God.",N/A,(323) 225-2471,"International Headquarters
3880 San Rafael Avenue
Los Angeles, CA 90065-3219",,"$14,600.00 ",17,12/29/2021,"$2,000.00 ",,,,,,,,,,,,,,,
UNK1561,Shakey's,https://www.shakeys.com/pizza-parties/request-a-fundraiser/,Operating,Restaurant,"When it’s time to raise some dough for your team, school, or congregation, we’ll donate a percentage of your group's food sales back to your organization. It’s easy – you show up, we clean up, and your organization levels up its fundraising.",contactus@shakeys.com,626-576-0616,"Shakey's USA, INC 
2200 W. Valley Blvd. 
Alhambra, CA 91803",,$110.92 ,1,10/3/2012,$110.92 ,,,,,,,,,,,,,,,
UNK1563,Smart Circle International LLC,https://smartcircle.com/,Operating,Private Business,Smart Circle International produces unmatched results for our clients through customized face-to-face marketing and customer acquisition campaigns based on innovation and a personalized touch.,N/A,N/A,N/A,,"$1,136.64 ",4,4/18/2012,$123.18 ,,,,,,,,,,,,,,,
UNK1564,SoCal Frozen Treat,N/A,Defunct,Restaurant,"Socal Frozen Treats is a popular frozen dessert shop in Los Angeles, CA, offering a variety of sweet and refreshing treats to satisfy customers' cravings.",N/A,(323) 550-1490,"5045 Eagle Rock Blvd
Los Angeles, CA 90041",,$84.44 ,1,8/26/2021,$84.44 ,,,,,,,,,,,,,,,
,The Ahmanson Foundation,https://theahmansonfoundation.org/,Operating,Grant-giving,"The Ahmanson Foundation serves Los Angeles County by funding cultural projects in the
arts and humanities, education at all levels, health care, programs related to homelessness
and underserved populations as well as a wide range of human services.",info@theahmansonfoundation.org,(310) 278-0770,"The Ahmanson Foundation
9215 Wilshire Boulevard
Beverly Hills, CA 90210",,,,,,,,,,,,,,,,,,,,
UNK1565,The Caruso Family Foundation,https://caruso.com/family-foundation/,Operating,Grant-giving,"Founded in 1991, the Caruso Family Foundation empowers underserved children and their families in Southern California with the ability to change their life’s trajectory and break the cycle of poverty. It is through high quality educational opportunities and access to superior healthcare that we are able to help make these communities stronger. Working with a network of local organizations — each with a proven track record of providing exceptional services and programs to the communities they serve — the foundation takes a long-term approach to transforming the lives of underserved youth with initiatives beginning as early as 6 months of age to graduate-level opportunities.",N/A,323.900.8100,"101 The Grove Drive 
Los Angeles, CA 90036",,$55.00 ,1,10/3/2012,$55.00 ,,,,,,,,,,,,,,,
UNK1566,The GE Foundation,https://www.ge.com/news/reports/tag/ge%20foundation,Operating,Grant-giving,GE Foundation commits up to $100 million to guide diverse kids to engineering careers.,N/A,N/A,N/A,,$100.00 ,1,6/5/2015,$100.00 ,,,,,,,,,,,,,,,
UNK1567,"The Gordon Foundation, Inc.",N/A,Operating,Grant-giving,Giving primarily for education and Jewish agencies,N/A,310-446-2700,"110 Irvine Cove Circle, 
Laguna Beach, CA 92651-1041",20-0480752,$500.00 ,1,12/16/2005,$500.00 ,,,,,,,,,,,,,,,
,The LA Partnership for Early Childhood investment,https://investinkidsla.org/,Operating,Grant-giving,"We are a public-private collaboration of the country’s largest private foundations, family foundations, the Los Angeles Area Chamber of Commerce, First 5 LA, and key government agencies.",Partnership@InvestinKidsLA.org,N/A,"2355 Westwood Blvd., #114, 
Los Angeles, CA 90064",,,,,,,,,,,,,,,,,,,,
,The Ralph M. Parsons Foundation,https://rmpf.org/,Operating,Grant-giving,"The Ralph M. Parsons Foundation improves the well-being of the residents of Los Angeles County through responsive grantmaking in human services, civic and cultural, education, and health.",,213 362 7600,,,,,,,,,,,,,,,,,,,,,
UNK1568,Twentieth Century Fox Film Corp.,N/A,Defunct,Private Business,"20th Century Studios, Inc., formerly 20th Century Fox, is an American film production and distribution company owned by the Walt Disney Studios, the film studios division of the Disney Entertainment business segment of The Walt Disney Company.[6] It is headquartered at the Fox Studio Lot in the Century City area of Los Angeles, which is leased from Fox Corporation.[7] Walt Disney Studios Motion Pictures distributes and markets the films produced by this studio in theatrical markets.[8][9]",N/A,N/A,N/A,,"$1,000.00 ",1,6/30/2006,"$1,000.00 ",,,,,,,,,,,,,,,
UNK1569,U.S. Bancorp Foundation,https://www.usbank.com/about-us-bank/community/community-possible-grant-program.html,Operating,Grant-giving,"The U.S. Bank Foundation supports communities through work, home and play grants. Find out about our Community Possible grant program, eligibility criteria and how to apply.",N/A,866-366-7072,"U.S. Bank
800 Nicollet Mall
Minneapolis, MN 55402",,$250.00 ,1,1/9/2012,$250.00 ,,,,,,,,,,,,,,,
UNK1578,USI Education Sales,https://www.usi-laminate.com/,Operating,Private Business,"USI Laminate is the leading nationwide supplier of laminators, laminating machines, roll laminating films, laminating pouches, mounting laminator boards and …",N/A,(800) 282-9890,N/A,,$33.30 ,1,1/26/2008,$33.30 ,,,,,,,,,,,,,,,
UNK1579,"VIP Accountancy, Inc.",https://vipaccountancy.com/,Operating,Private Business,"VIP Accountancy Inc. is a verified accounting firm, offering accounting and tax preparation services to customers and small business owners located in and around Alhambra, California. VIP Accountancy Inc. is a CPAdirectory verified accounting firm, licensed to practice in the state of California. The requirements for licensure in California ensure that VIP Accountancy Inc. maintains the highest standard of knowledge and ethics when operating as an accounting firm. Accounting firms may provide services in private industry, education or government, and are often considered experts in tax preparation. VIP Accountancy Inc. can help you with tax preparation services, consulting, business planning and auditing.",N/A,N/A,N/A,,$700.00 ,3,12/29/2014,$200.00 ,,,,,,,,,,,,,,,
,W. K. Kellogg Foundation,https://www.wkkf.org/,Operating,Grant-giving,"Vision, humility and belief in people are the values stewarded by the Kellogg Foundation for more than 90 years. Today those values take shape in our support of community-led efforts to ensure every child and family can thrive, with access to good health care, good food, good education, good jobs and equitable opportunities.",,,,,,,,,,,,,,,,,,,,,,,
UNK1570,Wahoo's Fish Taco,https://www.wahoos.com/faq/,Operating,Restaurant,YES! Let Wahoos help you raise funds! It is so easy! All you have to do is gather your family and friends to come eat at Wahoos and we will give your school or fundraising group 20% of the proceeds! Just email us at fundraiser@wahoos.com for more information.,fundraiser@wahoos.com,N/A,N/A,,$50.00 ,1,2/20/2012,$50.00 ,,,,,,,,,,,,,,,
,Weingart Foundation,https://weingartfnd.org/,Defunct,Grant-giving,"The Weingart Foundation is a private grantmaking foundation advancing racial, social and economic justice in Southern California. Founded in 1951 by Ben and Stella Weingart, the Foundation has provided over $1 billion in grants and loans to thousands of organizations across the region. By strengthening organizations focused on providing critical services and building power in communities of color, the Weingart Foundation is demonstrating what is possible when we invest and trust in our partners.",,,,,,,,,,"The Foundation currently uses an invitation-only process in order to reduce the burden on applicants and expedite funds to organizations and efforts that are strongly aligned with our focus areas. While we do not accept unsolicited requests for funding, we welcome communication with nonprofits in order to inform and strengthen our strategies. Please feel free to contact one of our program officers with any questions, and to sign up for our newsletter for updates. To review a list of our recent grants and program related investments, please click here.",,,,,,,,,,,,,
UNK1571,Wells Fargo Foundation,https://www.wellsfargo.com/about/corporate-responsibility/community-giving/,Operating,Grant-giving,"Wells Fargo is committed to building an inclusive, sustainable future for all through a focus on opening pathways to economic advancement, championing quality, affordable homes, empowering small businesses to thrive, and driving an equity-focused transition to a low-carbon economy.",N/A,N/A,N/A,,$100.00 ,1,1/30/2012,$100.00 ,,,,,,,,,,,,,,,
UNK1572,Wholesale Costume Club,N/A,Defunct,Event Planning,N/A,N/A,N/A,N/A,,$193.74 ,4,12/7/2011,$53.99 ,,,,,,,,,,,,,,,
UNK1580,Winters Designs,N/A,Defunct,Private Business,A jewelry business,N/A,N/A,N/A,,$75.00 ,1,1/17/2011,$75.00 ,,,,,,,,,,,,,,,
UNK1573,Ziggurat Child Development,N/A,Defunct,Private Business,N/A,N/A,N/A,"24000 Avila Rd #3409, 
Laguna Niguel, CA 92677",,$848.00 ,3,5/21/2010,$105.44 ,,,,,,,,,,,,,,,
UNK1581,Pathways LA,,Operating,Care-Subsidy,,,,,,,,,,,,,,,,,,,,,,,,
UNK1582,Crystal Stairs,,Operating,Care-Subsidy,,,,,,,,,,,,,,,,,,,,,,,,
UNK1583,Child Care Alliance LA,,Operating,Care-Subsidy,,,,,,,,,,,,,,,,,,,,,,,,
UNK1584,ChildCare Aware of America,,Operating,Care-Subsidy,,,,,,,,,,,,,,,,,,,,,,,,
UNK1585,City of LA Child Care Grant,,Operating,Care-Subsidy,,,,,,,,,,,,,,,,,,,,,,,,
UNK1586,LA Early Start Initiative,,Operating,Care-Subsidy,,,,,,,,,,,,,,,,,,,,,,,,
UNK1587,Working Families Child Fund,,Operating,Care-Subsidy,,,,,,,,,,,,,,,,,,,,,,,,
,,,,,,,,,,,,,,,,,,,,,,,,,,,,
,,,,,,,,,,,,,,,,,,,,,,,,,,,,
,,,,,,,,,,,,,,,,,,,,,,,,,,,,
,,,,,,,,,,,,,,,,,,,,,,,,,,,,
,,,,,,,,,,,,,,,,,,,,,,,,,,,,
,,,,,,,,,,,,,,,,,,,,,,,,,,,,
,,,,,,,,,,,,,,,,,,,,,,,,,,,,
,,,,,,,,,,,,,,,,,,,,,,,,,,,,
,,,,,,,,,,,,,,,,,,,,,,,,,,,,
,,,,,,,,,,,,,,,,,,,,,,,,,,,,
,,,,,,,,,,,,,,,,,,,,,,,,,,,,
,,,,,,,,,,,,,,,,,,,,,,,,,,,,
,,,,,,,,,,,,,,,,,,,,,,,,,,,,
,,,,,,,,,,,,,,,,,,,,,,,,,,,,
,,,,,,,,,,,,,,,,,,,,,,,,,,,,
,,,,,,,,,,,,,,,,,,,,,,,,,,,,
,,,,,,,,,,,,,,,,,,,,,,,,,,,,
,,,,,,,,,,,,,,,,,,,,,,,,,,,,
,,,,,,,,,,,,,,,,,,,,,,,,,,,,
,,,,,,,,,,,,,,,,,,,,,,,,,,,,
,,,,,,,,,,,,,,,,,,,,,,,,,,,,
,,,,,,,,,,,,,,,,,,,,,,,,,,,,
,,,,,,,,,,,,,,,,,,,,,,,,,,,,
,,,,,,,,,,,,,,,,,,,,,,,,,,,,
,,,,,,,,,,,,,,,,,,,,,,,,,,,,
,,,,,,,,,,,,,,,,,,,,,,,,,,,,
,,,,,,,,,,,,,,,,,,,,,,,,,,,,
,,,,,,,,,,,,,,,,,,,,,,,,,,,,
,,,,,,,,,,,,,,,,,,,,,,,,,,,,
,,,,,,,,,,,,,,,,,,,,,,,,,,,,
,,,,,,,,,,,,,,,,,,,,,,,,,,,,
,,,,,,,,,,,,,,,,,,,,,,,,,,,,
,,,,,,,,,,,,,,,,,,,,,,,,,,,,
,,,,,,,,,,,,,,,,,,,,,,,,,,,,
,,,,,,,,,,,,,,,,,,,,,,,,,,,,
,,,,,,,,,,,,,,,,,,,,,,,,,,,,
,,,,,,,,,,,,,,,,,,,,,,,,,,,,
,,,,,,,,,,,,,,,,,,,,,,,,,,,,
,,,,,,,,,,,,,,,,,,,,,,,,,,,,
,,,,,,,,,,,,,,,,,,,,,,,,,,,,
,,,,,,,,,,,,,,,,,,,,,,,,,,,,
,,,,,,,,,,,,,,,,,,,,,,,,,,,,
,,,,,,,,,,,,,,,,,,,,,,,,,,,,
,,,,,,,,,,,,,,,,,,,,,,,,,,,,
,,,,,,,,,,,,,,,,,,,,,,,,,,,,
,,,,,,,,,,,,,,,,,,,,,,,,,,,,
,,,,,,,,,,,,,,,,,,,,,,,,,,,,
,,,,,,,,,,,,,,,,,,,,,,,,,,,,
,,,,,,,,,,,,,,,,,,,,,,,,,,,,
,,,,,,,,,,,,,,,,,,,,,,,,,,,,
,,,,,,,,,,,,,,,,,,,,,,,,,,,,
,,,,,,,,,,,,,,,,,,,,,,,,,,,,
,,,,,,,,,,,,,,,,,,,,,,,,,,,,
,,,,,,,,,,,,,,,,,,,,,,,,,,,,
,,,,,,,,,,,,,,,,,,,,,,,,,,,,
,,,,,,,,,,,,,,,,,,,,,,,,,,,,
,,,,,,,,,,,,,,,,,,,,,,,,,,,,
,,,,,,,,,,,,,,,,,,,,,,,,,,,,
,,,,,,,,,,,,,,,,,,,,,,,,,,,,
,,,,,,,,,,,,,,,,,,,,,,,,,,,,
,,,,,,,,,,,,,,,,,,,,,,,,,,,,
,,,,,,,,,,,,,,,,,,,,,,,,,,,,
,,,,,,,,,,,,,,,,,,,,,,,,,,,,
,,,,,,,,,,,,,,,,,,,,,,,,,,,,
,,,,,,,,,,,,,,,,,,,,,,,,,,,,
,,,,,,,,,,,,,,,,,,,,,,,,,,,,
,,,,,,,,,,,,,,,,,,,,,,,,,,,,
,,,,,,,,,,,,,,,,,,,,,,,,,,,,
,,,,,,,,,,,,,,,,,,,,,,,,,,,,
,,,,,,,,,,,,,,,,,,,,,,,,,,,,
,,,,,,,,,,,,,,,,,,,,,,,,,,,,
,,,,,,,,,,,,,,,,,,,,,,,,,,,,
,,,,,,,,,,,,,,,,,,,,,,,,,,,,
,,,,,,,,,,,,,,,,,,,,,,,,,,,,
,,,,,,,,,,,,,,,,,,,,,,,,,,,,
,,,,,,,,,,,,,,,,,,,,,,,,,,,,
,,,,,,,,,,,,,,,,,,,,,,,,,,,,
,,,,,,,,,,,,,,,,,,,,,,,,,,,,
,,,,,,,,,,,,,,,,,,,,,,,,,,,,
,,,,,,,,,,,,,,,,,,,,,,,,,,,,
,,,,,,,,,,,,,,,,,,,,,,,,,,,,
,,,,,,,,,,,,,,,,,,,,,,,,,,,,
,,,,,,,,,,,,,,,,,,,,,,,,,,,,
,,,,,,,,,,,,,,,,,,,,,,,,,,,,
,,,,,,,,,,,,,,,,,,,,,,,,,,,,
,,,,,,,,,,,,,,,,,,,,,,,,,,,,
,,,,,,,,,,,,,,,,,,,,,,,,,,,,
,,,,,,,,,,,,,,,,,,,,,,,,,,,,
,,,,,,,,,,,,,,,,,,,,,,,,,,,,
,,,,,,,,,,,,,,,,,,,,,,,,,,,,
,,,,,,,,,,,,,,,,,,,,,,,,,,,,
,,,,,,,,,,,,,,,,,,,,,,,,,,,,
,,,,,,,,,,,,,,,,,,,,,,,,,,,,
,,,,,,,,,,,,,,,,,,,,,,,,,,,,
,,,,,,,,,,,,,,,,,,,,,,,,,,,,
,,,,,,,,,,,,,,,,,,,,,,,,,,,,
,,,,,,,,,,,,,,,,,,,,,,,,,,,,
,,,,,,,,,,,,,,,,,,,,,,,,,,,,
,,,,,,,,,,,,,,,,,,,,,,,,,,,,
,,,,,,,,,,,,,,,,,,,,,,,,,,,,
,,,,,,,,,,,,,,,,,,,,,,,,,,,,
,,,,,,,,,,,,,,,,,,,,,,,,,,,,
,,,,,,,,,,,,,,,,,,,,,,,,,,,,
,,,,,,,,,,,,,,,,,,,,,,,,,,,,
,,,,,,,,,,,,,,,,,,,,,,,,,,,,
,,,,,,,,,,,,,,,,,,,,,,,,,,,,
,,,,,,,,,,,,,,,,,,,,,,,,,,,,
,,,,,,,,,,,,,,,,,,,,,,,,,,,,
,,,,,,,,,,,,,,,,,,,,,,,,,,,,
,,,,,,,,,,,,,,,,,,,,,,,,,,,,
,,,,,,,,,,,,,,,,,,,,,,,,,,,,
,,,,,,,,,,,,,,,,,,,,,,,,,,,,
,,,,,,,,,,,,,,,,,,,,,,,,,,,,
,,,,,,,,,,,,,,,,,,,,,,,,,,,,
,,,,,,,,,,,,,,,,,,,,,,,,,,,,
,,,,,,,,,,,,,,,,,,,,,,,,,,,,
,,,,,,,,,,,,,,,,,,,,,,,,,,,,
,,,,,,,,,,,,,,,,,,,,,,,,,,,,
,,,,,,,,,,,,,,,,,,,,,,,,,,,,
,,,,,,,,,,,,,,,,,,,,,,,,,,,,
,,,,,,,,,,,,,,,,,,,,,,,,,,,,
,,,,,,,,,,,,,,,,,,,,,,,,,,,,
,,,,,,,,,,,,,,,,,,,,,,,,,,,,
,,,,,,,,,,,,,,,,,,,,,,,,,,,,
,,,,,,,,,,,,,,,,,,,,,,,,,,,,
,,,,,,,,,,,,,,,,,,,,,,,,,,,,
,,,,,,,,,,,,,,,,,,,,,,,,,,,,
,,,,,,,,,,,,,,,,,,,,,,,,,,,,
,,,,,,,,,,,,,,,,,,,,,,,,,,,,
,,,,,,,,,,,,,,,,,,,,,,,,,,,,
,,,,,,,,,,,,,,,,,,,,,,,,,,,,
,,,,,,,,,,,,,,,,,,,,,,,,,,,,
,,,,,,,,,,,,,,,,,,,,,,,,,,,,
,,,,,,,,,,,,,,,,,,,,,,,,,,,,
,,,,,,,,,,,,,,,,,,,,,,,,,,,,
,,,,,,,,,,,,,,,,,,,,,,,,,,,,
,,,,,,,,,,,,,,,,,,,,,,,,,,,,
,,,,,,,,,,,,,,,,,,,,,,,,,,,,
,,,,,,,,,,,,,,,,,,,,,,,,,,,,
,,,,,,,,,,,,,,,,,,,,,,,,,,,,
,,,,,,,,,,,,,,,,,,,,,,,,,,,,
,,,,,,,,,,,,,,,,,,,,,,,,,,,,
,,,,,,,,,,,,,,,,,,,,,,,,,,,,
,,,,,,,,,,,,,,,,,,,,,,,,,,,,
,,,,,,,,,,,,,,,,,,,,,,,,,,,,
,,,,,,,,,,,,,,,,,,,,,,,,,,,,
,,,,,,,,,,,,,,,,,,,,,,,,,,,,
,,,,,,,,,,,,,,,,,,,,,,,,,,,,
,,,,,,,,,,,,,,,,,,,,,,,,,,,,
,,,,,,,,,,,,,,,,,,,,,,,,,,,,
,,,,,,,,,,,,,,,,,,,,,,,,,,,,
,,,,,,,,,,,,,,,,,,,,,,,,,,,,
,,,,,,,,,,,,,,,,,,,,,,,,,,,,
,,,,,,,,,,,,,,,,,,,,,,,,,,,,
,,,,,,,,,,,,,,,,,,,,,,,,,,,,
,,,,,,,,,,,,,,,,,,,,,,,,,,,,
,,,,,,,,,,,,,,,,,,,,,,,,,,,,
,,,,,,,,,,,,,,,,,,,,,,,,,,,,
,,,,,,,,,,,,,,,,,,,,,,,,,,,,
,,,,,,,,,,,,,,,,,,,,,,,,,,,,
,,,,,,,,,,,,,,,,,,,,,,,,,,,,
,,,,,,,,,,,,,,,,,,,,,,,,,,,,
,,,,,,,,,,,,,,,,,,,,,,,,,,,,
,,,,,,,,,,,,,,,,,,,,,,,,,,,,
,,,,,,,,,,,,,,,,,,,,,,,,,,,,
,,,,,,,,,,,,,,,,,,,,,,,,,,,,
,,,,,,,,,,,,,,,,,,,,,,,,,,,,
,,,,,,,,,,,,,,,,,,,,,,,,,,,,
,,,,,,,,,,,,,,,,,,,,,,,,,,,,
,,,,,,,,,,,,,,,,,,,,,,,,,,,,
,,,,,,,,,,,,,,,,,,,,,,,,,,,,
,,,,,,,,,,,,,,,,,,,,,,,,,,,,
,,,,,,,,,,,,,,,,,,,,,,,,,,,,
,,,,,,,,,,,,,,,,,,,,,,,,,,,,
,,,,,,,,,,,,,,,,,,,,,,,,,,,,
,,,,,,,,,,,,,,,,,,,,,,,,,,,,
,,,,,,,,,,,,,,,,,,,,,,,,,,,,
,,,,,,,,,,,,,,,,,,,,,,,,,,,,
,,,,,,,,,,,,,,,,,,,,,,,,,,,,
,,,,,,,,,,,,,,,,,,,,,,,,,,,,
,,,,,,,,,,,,,,,,,,,,,,,,,,,,
,,,,,,,,,,,,,,,,,,,,,,,,,,,,
,,,,,,,,,,,,,,,,,,,,,,,,,,,,
,,,,,,,,,,,,,,,,,,,,,,,,,,,,
,,,,,,,,,,,,,,,,,,,,,,,,,,,,
,,,,,,,,,,,,,,,,,,,,,,,,,,,,
,,,,,,,,,,,,,,,,,,,,,,,,,,,,
,,,,,,,,,,,,,,,,,,,,,,,,,,,,
,,,,,,,,,,,,,,,,,,,,,,,,,,,,
,,,,,,,,,,,,,,,,,,,,,,,,,,,,
,,,,,,,,,,,,,,,,,,,,,,,,,,,,
,,,,,,,,,,,,,,,,,,,,,,,,,,,,
,,,,,,,,,,,,,,,,,,,,,,,,,,,,
,,,,,,,,,,,,,,,,,,,,,,,,,,,,
,,,,,,,,,,,,,,,,,,,,,,,,,,,,
,,,,,,,,,,,,,,,,,,,,,,,,,,,,
,,,,,,,,,,,,,,,,,,,,,,,,,,,,
,,,,,,,,,,,,,,,,,,,,,,,,,,,,
,,,,,,,,,,,,,,,,,,,,,,,,,,,,
,,,,,,,,,,,,,,,,,,,,,,,,,,,,
,,,,,,,,,,,,,,,,,,,,,,,,,,,,
,,,,,,,,,,,,,,,,,,,,,,,,,,,,
,,,,,,,,,,,,,,,,,,,,,,,,,,,,
,,,,,,,,,,,,,,,,,,,,,,,,,,,,
,,,,,,,,,,,,,,,,,,,,,,,,,,,,
,,,,,,,,,,,,,,,,,,,,,,,,,,,,
,,,,,,,,,,,,,,,,,,,,,,,,,,,,
,,,,,,,,,,,,,,,,,,,,,,,,,,,,
,,,,,,,,,,,,,,,,,,,,,,,,,,,,
,,,,,,,,,,,,,,,,,,,,,,,,,,,,
,,,,,,,,,,,,,,,,,,,,,,,,,,,,
,,,,,,,,,,,,,,,,,,,,,,,,,,,,
,,,,,,,,,,,,,,,,,,,,,,,,,,,,
,,,,,,,,,,,,,,,,,,,,,,,,,,,,
,,,,,,,,,,,,,,,,,,,,,,,,,,,,
,,,,,,,,,,,,,,,,,,,,,,,,,,,,
,,,,,,,,,,,,,,,,,,,,,,,,,,,,
,,,,,,,,,,,,,,,,,,,,,,,,,,,,
,,,,,,,,,,,,,,,,,,,,,,,,,,,,
,,,,,,,,,,,,,,,,,,,,,,,,,,,,
,,,,,,,,,,,,,,,,,,,,,,,,,,,,
,,,,,,,,,,,,,,,,,,,,,,,,,,,,
,,,,,,,,,,,,,,,,,,,,,,,,,,,,
,,,,,,,,,,,,,,,,,,,,,,,,,,,,
,,,,,,,,,,,,,,,,,,,,,,,,,,,,
,,,,,,,,,,,,,,,,,,,,,,,,,,,,
,,,,,,,,,,,,,,,,,,,,,,,,,,,,
,,,,,,,,,,,,,,,,,,,,,,,,,,,,
,,,,,,,,,,,,,,,,,,,,,,,,,,,,
,,,,,,,,,,,,,,,,,,,,,,,,,,,,
,,,,,,,,,,,,,,,,,,,,,,,,,,,,
,,,,,,,,,,,,,,,,,,,,,,,,,,,,
,,,,,,,,,,,,,,,,,,,,,,,,,,,,
,,,,,,,,,,,,,,,,,,,,,,,,,,,,
,,,,,,,,,,,,,,,,,,,,,,,,,,,,
,,,,,,,,,,,,,,,,,,,,,,,,,,,,
,,,,,,,,,,,,,,,,,,,,,,,,,,,,
,,,,,,,,,,,,,,,,,,,,,,,,,,,,
,,,,,,,,,,,,,,,,,,,,,,,,,,,,
,,,,,,,,,,,,,,,,,,,,,,,,,,,,
,,,,,,,,,,,,,,,,,,,,,,,,,,,,
,,,,,,,,,,,,,,,,,,,,,,,,,,,,
,,,,,,,,,,,,,,,,,,,,,,,,,,,,
,,,,,,,,,,,,,,,,,,,,,,,,,,,,
,,,,,,,,,,,,,,,,,,,,,,,,,,,,
,,,,,,,,,,,,,,,,,,,,,,,,,,,,
,,,,,,,,,,,,,,,,,,,,,,,,,,,,
,,,,,,,,,,,,,,,,,,,,,,,,,,,,
,,,,,,,,,,,,,,,,,,,,,,,,,,,,
,,,,,,,,,,,,,,,,,,,,,,,,,,,,
,,,,,,,,,,,,,,,,,,,,,,,,,,,,
,,,,,,,,,,,,,,,,,,,,,,,,,,,,
,,,,,,,,,,,,,,,,,,,,,,,,,,,,
,,,,,,,,,,,,,,,,,,,,,,,,,,,,
,,,,,,,,,,,,,,,,,,,,,,,,,,,,
,,,,,,,,,,,,,,,,,,,,,,,,,,,,
,,,,,,,,,,,,,,,,,,,,,,,,,,,,
,,,,,,,,,,,,,,,,,,,,,,,,,,,,
,,,,,,,,,,,,,,,,,,,,,,,,,,,,
,,,,,,,,,,,,,,,,,,,,,,,,,,,,
,,,,,,,,,,,,,,,,,,,,,,,,,,,,
,,,,,,,,,,,,,,,,,,,,,,,,,,,,
,,,,,,,,,,,,,,,,,,,,,,,,,,,,
,,,,,,,,,,,,,,,,,,,,,,,,,,,,
,,,,,,,,,,,,,,,,,,,,,,,,,,,,
,,,,,,,,,,,,,,,,,,,,,,,,,,,,
,,,,,,,,,,,,,,,,,,,,,,,,,,,,
,,,,,,,,,,,,,,,,,,,,,,,,,,,,
,,,,,,,,,,,,,,,,,,,,,,,,,,,,
,,,,,,,,,,,,,,,,,,,,,,,,,,,,
,,,,,,,,,,,,,,,,,,,,,,,,,,,,
,,,,,,,,,,,,,,,,,,,,,,,,,,,,
,,,,,,,,,,,,,,,,,,,,,,,,,,,,
,,,,,,,,,,,,,,,,,,,,,,,,,,,,
,,,,,,,,,,,,,,,,,,,,,,,,,,,,
,,,,,,,,,,,,,,,,,,,,,,,,,,,,
,,,,,,,,,,,,,,,,,,,,,,,,,,,,
,,,,,,,,,,,,,,,,,,,,,,,,,,,,
,,,,,,,,,,,,,,,,,,,,,,,,,,,,
,,,,,,,,,,,,,,,,,,,,,,,,,,,,
,,,,,,,,,,,,,,,,,,,,,,,,,,,,
,,,,,,,,,,,,,,,,,,,,,,,,,,,,
,,,,,,,,,,,,,,,,,,,,,,,,,,,,
,,,,,,,,,,,,,,,,,,,,,,,,,,,,
,,,,,,,,,,,,,,,,,,,,,,,,,,,,
,,,,,,,,,,,,,,,,,,,,,,,,,,,,
,,,,,,,,,,,,,,,,,,,,,,,,,,,,
,,,,,,,,,,,,,,,,,,,,,,,,,,,,
,,,,,,,,,,,,,,,,,,,,,,,,,,,,
,,,,,,,,,,,,,,,,,,,,,,,,,,,,
,,,,,,,,,,,,,,,,,,,,,,,,,,,,
,,,,,,,,,,,,,,,,,,,,,,,,,,,,
,,,,,,,,,,,,,,,,,,,,,,,,,,,,
,,,,,,,,,,,,,,,,,,,,,,,,,,,,
,,,,,,,,,,,,,,,,,,,,,,,,,,,,
,,,,,,,,,,,,,,,,,,,,,,,,,,,,
,,,,,,,,,,,,,,,,,,,,,,,,,,,,
,,,,,,,,,,,,,,,,,,,,,,,,,,,,
,,,,,,,,,,,,,,,,,,,,,,,,,,,,
,,,,,,,,,,,,,,,,,,,,,,,,,,,,
,,,,,,,,,,,,,,,,,,,,,,,,,,,,
,,,,,,,,,,,,,,,,,,,,,,,,,,,,
,,,,,,,,,,,,,,,,,,,,,,,,,,,,
,,,,,,,,,,,,,,,,,,,,,,,,,,,,
,,,,,,,,,,,,,,,,,,,,,,,,,,,,
,,,,,,,,,,,,,,,,,,,,,,,,,,,,
,,,,,,,,,,,,,,,,,,,,,,,,,,,,
,,,,,,,,,,,,,,,,,,,,,,,,,,,,
,,,,,,,,,,,,,,,,,,,,,,,,,,,,
,,,,,,,,,,,,,,,,,,,,,,,,,,,,
,,,,,,,,,,,,,,,,,,,,,,,,,,,,
,,,,,,,,,,,,,,,,,,,,,,,,,,,,
,,,,,,,,,,,,,,,,,,,,,,,,,,,,
,,,,,,,,,,,,,,,,,,,,,,,,,,,,
,,,,,,,,,,,,,,,,,,,,,,,,,,,,
,,,,,,,,,,,,,,,,,,,,,,,,,,,,
,,,,,,,,,,,,,,,,,,,,,,,,,,,,
,,,,,,,,,,,,,,,,,,,,,,,,,,,,
,,,,,,,,,,,,,,,,,,,,,,,,,,,,
,,,,,,,,,,,,,,,,,,,,,,,,,,,,
,,,,,,,,,,,,,,,,,,,,,,,,,,,,
,,,,,,,,,,,,,,,,,,,,,,,,,,,,
,,,,,,,,,,,,,,,,,,,,,,,,,,,,
,,,,,,,,,,,,,,,,,,,,,,,,,,,,
,,,,,,,,,,,,,,,,,,,,,,,,,,,,
,,,,,,,,,,,,,,,,,,,,,,,,,,,,
,,,,,,,,,,,,,,,,,,,,,,,,,,,,
,,,,,,,,,,,,,,,,,,,,,,,,,,,,
,,,,,,,,,,,,,,,,,,,,,,,,,,,,
,,,,,,,,,,,,,,,,,,,,,,,,,,,,
,,,,,,,,,,,,,,,,,,,,,,,,,,,,
,,,,,,,,,,,,,,,,,,,,,,,,,,,,
,,,,,,,,,,,,,,,,,,,,,,,,,,,,
,,,,,,,,,,,,,,,,,,,,,,,,,,,,
,,,,,,,,,,,,,,,,,,,,,,,,,,,,
,,,,,,,,,,,,,,,,,,,,,,,,,,,,
,,,,,,,,,,,,,,,,,,,,,,,,,,,,
,,,,,,,,,,,,,,,,,,,,,,,,,,,,
,,,,,,,,,,,,,,,,,,,,,,,,,,,,
,,,,,,,,,,,,,,,,,,,,,,,,,,,,
,,,,,,,,,,,,,,,,,,,,,,,,,,,,
,,,,,,,,,,,,,,,,,,,,,,,,,,,,
,,,,,,,,,,,,,,,,,,,,,,,,,,,,
,,,,,,,,,,,,,,,,,,,,,,,,,,,,
,,,,,,,,,,,,,,,,,,,,,,,,,,,,
,,,,,,,,,,,,,,,,,,,,,,,,,,,,
,,,,,,,,,,,,,,,,,,,,,,,,,,,,
,,,,,,,,,,,,,,,,,,,,,,,,,,,,
,,,,,,,,,,,,,,,,,,,,,,,,,,,,
,,,,,,,,,,,,,,,,,,,,,,,,,,,,
,,,,,,,,,,,,,,,,,,,,,,,,,,,,
,,,,,,,,,,,,,,,,,,,,,,,,,,,,
,,,,,,,,,,,,,,,,,,,,,,,,,,,,
,,,,,,,,,,,,,,,,,,,,,,,,,,,,
,,,,,,,,,,,,,,,,,,,,,,,,,,,,
,,,,,,,,,,,,,,,,,,,,,,,,,,,,
,,,,,,,,,,,,,,,,,,,,,,,,,,,,
,,,,,,,,,,,,,,,,,,,,,,,,,,,,
,,,,,,,,,,,,,,,,,,,,,,,,,,,,
,,,,,,,,,,,,,,,,,,,,,,,,,,,,
,,,,,,,,,,,,,,,,,,,,,,,,,,,,
,,,,,,,,,,,,,,,,,,,,,,,,,,,,
,,,,,,,,,,,,,,,,,,,,,,,,,,,,
,,,,,,,,,,,,,,,,,,,,,,,,,,,,
,,,,,,,,,,,,,,,,,,,,,,,,,,,,
,,,,,,,,,,,,,,,,,,,,,,,,,,,,
,,,,,,,,,,,,,,,,,,,,,,,,,,,,
,,,,,,,,,,,,,,,,,,,,,,,,,,,,
,,,,,,,,,,,,,,,,,,,,,,,,,,,,
,,,,,,,,,,,,,,,,,,,,,,,,,,,,
,,,,,,,,,,,,,,,,,,,,,,,,,,,,
,,,,,,,,,,,,,,,,,,,,,,,,,,,,
,,,,,,,,,,,,,,,,,,,,,,,,,,,,
,,,,,,,,,,,,,,,,,,,,,,,,,,,,
,,,,,,,,,,,,,,,,,,,,,,,,,,,,
,,,,,,,,,,,,,,,,,,,,,,,,,,,,
,,,,,,,,,,,,,,,,,,,,,,,,,,,,
,,,,,,,,,,,,,,,,,,,,,,,,,,,,
,,,,,,,,,,,,,,,,,,,,,,,,,,,,
,,,,,,,,,,,,,,,,,,,,,,,,,,,,
,,,,,,,,,,,,,,,,,,,,,,,,,,,,
,,,,,,,,,,,,,,,,,,,,,,,,,,,,
,,,,,,,,,,,,,,,,,,,,,,,,,,,,
,,,,,,,,,,,,,,,,,,,,,,,,,,,,
,,,,,,,,,,,,,,,,,,,,,,,,,,,,
,,,,,,,,,,,,,,,,,,,,,,,,,,,,
,,,,,,,,,,,,,,,,,,,,,,,,,,,,
,,,,,,,,,,,,,,,,,,,,,,,,,,,,
,,,,,,,,,,,,,,,,,,,,,,,,,,,,
,,,,,,,,,,,,,,,,,,,,,,,,,,,,
,,,,,,,,,,,,,,,,,,,,,,,,,,,,
,,,,,,,,,,,,,,,,,,,,,,,,,,,,
,,,,,,,,,,,,,,,,,,,,,,,,,,,,
,,,,,,,,,,,,,,,,,,,,,,,,,,,,
,,,,,,,,,,,,,,,,,,,,,,,,,,,,
,,,,,,,,,,,,,,,,,,,,,,,,,,,,
,,,,,,,,,,,,,,,,,,,,,,,,,,,,
,,,,,,,,,,,,,,,,,,,,,,,,,,,,
,,,,,,,,,,,,,,,,,,,,,,,,,,,,
,,,,,,,,,,,,,,,,,,,,,,,,,,,,
,,,,,,,,,,,,,,,,,,,,,,,,,,,,
,,,,,,,,,,,,,,,,,,,,,,,,,,,,
,,,,,,,,,,,,,,,,,,,,,,,,,,,,
,,,,,,,,,,,,,,,,,,,,,,,,,,,,
,,,,,,,,,,,,,,,,,,,,,,,,,,,,
,,,,,,,,,,,,,,,,,,,,,,,,,,,,
,,,,,,,,,,,,,,,,,,,,,,,,,,,,
,,,,,,,,,,,,,,,,,,,,,,,,,,,,
,,,,,,,,,,,,,,,,,,,,,,,,,,,,
,,,,,,,,,,,,,,,,,,,,,,,,,,,,
,,,,,,,,,,,,,,,,,,,,,,,,,,,,
,,,,,,,,,,,,,,,,,,,,,,,,,,,,
,,,,,,,,,,,,,,,,,,,,,,,,,,,,
,,,,,,,,,,,,,,,,,,,,,,,,,,,,
,,,,,,,,,,,,,,,,,,,,,,,,,,,,
,,,,,,,,,,,,,,,,,,,,,,,,,,,,
,,,,,,,,,,,,,,,,,,,,,,,,,,,,
,,,,,,,,,,,,,,,,,,,,,,,,,,,,
,,,,,,,,,,,,,,,,,,,,,,,,,,,,
,,,,,,,,,,,,,,,,,,,,,,,,,,,,
,,,,,,,,,,,,,,,,,,,,,,,,,,,,
,,,,,,,,,,,,,,,,,,,,,,,,,,,,
,,,,,,,,,,,,,,,,,,,,,,,,,,,,
,,,,,,,,,,,,,,,,,,,,,,,,,,,,
,,,,,,,,,,,,,,,,,,,,,,,,,,,,
,,,,,,,,,,,,,,,,,,,,,,,,,,,,
,,,,,,,,,,,,,,,,,,,,,,,,,,,,
,,,,,,,,,,,,,,,,,,,,,,,,,,,,
,,,,,,,,,,,,,,,,,,,,,,,,,,,,
,,,,,,,,,,,,,,,,,,,,,,,,,,,,
,,,,,,,,,,,,,,,,,,,,,,,,,,,,
,,,,,,,,,,,,,,,,,,,,,,,,,,,,
,,,,,,,,,,,,,,,,,,,,,,,,,,,,
,,,,,,,,,,,,,,,,,,,,,,,,,,,,
,,,,,,,,,,,,,,,,,,,,,,,,,,,,
,,,,,,,,,,,,,,,,,,,,,,,,,,,,
,,,,,,,,,,,,,,,,,,,,,,,,,,,,
,,,,,,,,,,,,,,,,,,,,,,,,,,,,
,,,,,,,,,,,,,,,,,,,,,,,,,,,,
,,,,,,,,,,,,,,,,,,,,,,,,,,,,
,,,,,,,,,,,,,,,,,,,,,,,,,,,,
,,,,,,,,,,,,,,,,,,,,,,,,,,,,
,,,,,,,,,,,,,,,,,,,,,,,,,,,,
,,,,,,,,,,,,,,,,,,,,,,,,,,,,
,,,,,,,,,,,,,,,,,,,,,,,,,,,,
,,,,,,,,,,,,,,,,,,,,,,,,,,,,
,,,,,,,,,,,,,,,,,,,,,,,,,,,,
,,,,,,,,,,,,,,,,,,,,,,,,,,,,
,,,,,,,,,,,,,,,,,,,,,,,,,,,,
,,,,,,,,,,,,,,,,,,,,,,,,,,,,
,,,,,,,,,,,,,,,,,,,,,,,,,,,,
,,,,,,,,,,,,,,,,,,,,,,,,,,,,
,,,,,,,,,,,,,,,,,,,,,,,,,,,,
,,,,,,,,,,,,,,,,,,,,,,,,,,,,
,,,,,,,,,,,,,,,,,,,,,,,,,,,,
,,,,,,,,,,,,,,,,,,,,,,,,,,,,
,,,,,,,,,,,,,,,,,,,,,,,,,,,,
,,,,,,,,,,,,,,,,,,,,,,,,,,,,
,,,,,,,,,,,,,,,,,,,,,,,,,,,,
,,,,,,,,,,,,,,,,,,,,,,,,,,,,
,,,,,,,,,,,,,,,,,,,,,,,,,,,,
,,,,,,,,,,,,,,,,,,,,,,,,,,,,
,,,,,,,,,,,,,,,,,,,,,,,,,,,,
,,,,,,,,,,,,,,,,,,,,,,,,,,,,
,,,,,,,,,,,,,,,,,,,,,,,,,,,,
,,,,,,,,,,,,,,,,,,,,,,,,,,,,
,,,,,,,,,,,,,,,,,,,,,,,,,,,,
,,,,,,,,,,,,,,,,,,,,,,,,,,,,
,,,,,,,,,,,,,,,,,,,,,,,,,,,,
,,,,,,,,,,,,,,,,,,,,,,,,,,,,
,,,,,,,,,,,,,,,,,,,,,,,,,,,,
,,,,,,,,,,,,,,,,,,,,,,,,,,,,
,,,,,,,,,,,,,,,,,,,,,,,,,,,,
,,,,,,,,,,,,,,,,,,,,,,,,,,,,
,,,,,,,,,,,,,,,,,,,,,,,,,,,,
,,,,,,,,,,,,,,,,,,,,,,,,,,,,
,,,,,,,,,,,,,,,,,,,,,,,,,,,,
,,,,,,,,,,,,,,,,,,,,,,,,,,,,
,,,,,,,,,,,,,,,,,,,,,,,,,,,,
,,,,,,,,,,,,,,,,,,,,,,,,,,,,
,,,,,,,,,,,,,,,,,,,,,,,,,,,,
,,,,,,,,,,,,,,,,,,,,,,,,,,,,
,,,,,,,,,,,,,,,,,,,,,,,,,,,,
,,,,,,,,,,,,,,,,,,,,,,,,,,,,
,,,,,,,,,,,,,,,,,,,,,,,,,,,,
,,,,,,,,,,,,,,,,,,,,,,,,,,,,
,,,,,,,,,,,,,,,,,,,,,,,,,,,,
,,,,,,,,,,,,,,,,,,,,,,,,,,,,
,,,,,,,,,,,,,,,,,,,,,,,,,,,,
,,,,,,,,,,,,,,,,,,,,,,,,,,,,
,,,,,,,,,,,,,,,,,,,,,,,,,,,,
,,,,,,,,,,,,,,,,,,,,,,,,,,,,
,,,,,,,,,,,,,,,,,,,,,,,,,,,,
,,,,,,,,,,,,,,,,,,,,,,,,,,,,
,,,,,,,,,,,,,,,,,,,,,,,,,,,,
,,,,,,,,,,,,,,,,,,,,,,,,,,,,
,,,,,,,,,,,,,,,,,,,,,,,,,,,,
,,,,,,,,,,,,,,,,,,,,,,,,,,,,
,,,,,,,,,,,,,,,,,,,,,,,,,,,,
,,,,,,,,,,,,,,,,,,,,,,,,,,,,
,,,,,,,,,,,,,,,,,,,,,,,,,,,,
,,,,,,,,,,,,,,,,,,,,,,,,,,,,
,,,,,,,,,,,,,,,,,,,,,,,,,,,,
,,,,,,,,,,,,,,,,,,,,,,,,,,,,
,,,,,,,,,,,,,,,,,,,,,,,,,,,,
,,,,,,,,,,,,,,,,,,,,,,,,,,,,
,,,,,,,,,,,,,,,,,,,,,,,,,,,,
,,,,,,,,,,,,,,,,,,,,,,,,,,,,
,,,,,,,,,,,,,,,,,,,,,,,,,,,,
,,,,,,,,,,,,,,,,,,,,,,,,,,,,
,,,,,,,,,,,,,,,,,,,,,,,,,,,,
,,,,,,,,,,,,,,,,,,,,,,,,,,,,
,,,,,,,,,,,,,,,,,,,,,,,,,,,,
,,,,,,,,,,,,,,,,,,,,,,,,,,,,
,,,,,,,,,,,,,,,,,,,,,,,,,,,,
,,,,,,,,,,,,,,,,,,,,,,,,,,,,
,,,,,,,,,,,,,,,,,,,,,,,,,,,,
,,,,,,,,,,,,,,,,,,,,,,,,,,,,
,,,,,,,,,,,,,,,,,,,,,,,,,,,,
,,,,,,,,,,,,,,,,,,,,,,,,,,,,
,,,,,,,,,,,,,,,,,,,,,,,,,,,,
,,,,,,,,,,,,,,,,,,,,,,,,,,,,
,,,,,,,,,,,,,,,,,,,,,,,,,,,,
,,,,,,,,,,,,,,,,,,,,,,,,,,,,
,,,,,,,,,,,,,,,,,,,,,,,,,,,,
,,,,,,,,,,,,,,,,,,,,,,,,,,,,
,,,,,,,,,,,,,,,,,,,,,,,,,,,,
,,,,,,,,,,,,,,,,,,,,,,,,,,,,
,,,,,,,,,,,,,,,,,,,,,,,,,,,,
,,,,,,,,,,,,,,,,,,,,,,,,,,,,
,,,,,,,,,,,,,,,,,,,,,,,,,,,,
,,,,,,,,,,,,,,,,,,,,,,,,,,,,
,,,,,,,,,,,,,,,,,,,,,,,,,,,,
,,,,,,,,,,,,,,,,,,,,,,,,,,,,
,,,,,,,,,,,,,,,,,,,,,,,,,,,,
,,,,,,,,,,,,,,,,,,,,,,,,,,,,
,,,,,,,,,,,,,,,,,,,,,,,,,,,,
,,,,,,,,,,,,,,,,,,,,,,,,,,,,
,,,,,,,,,,,,,,,,,,,,,,,,,,,,
,,,,,,,,,,,,,,,,,,,,,,,,,,,,
,,,,,,,,,,,,,,,,,,,,,,,,,,,,
,,,,,,,,,,,,,,,,,,,,,,,,,,,,
,,,,,,,,,,,,,,,,,,,,,,,,,,,,
,,,,,,,,,,,,,,,,,,,,,,,,,,,,
,,,,,,,,,,,,,,,,,,,,,,,,,,,,
,,,,,,,,,,,,,,,,,,,,,,,,,,,,
,,,,,,,,,,,,,,,,,,,,,,,,,,,,
,,,,,,,,,,,,,,,,,,,,,,,,,,,,
,,,,,,,,,,,,,,,,,,,,,,,,,,,,
,,,,,,,,,,,,,,,,,,,,,,,,,,,,
,,,,,,,,,,,,,,,,,,,,,,,,,,,,
,,,,,,,,,,,,,,,,,,,,,,,,,,,,
,,,,,,,,,,,,,,,,,,,,,,,,,,,,
,,,,,,,,,,,,,,,,,,,,,,,,,,,,
,,,,,,,,,,,,,,,,,,,,,,,,,,,,
,,,,,,,,,,,,,,,,,,,,,,,,,,,,
,,,,,,,,,,,,,,,,,,,,,,,,,,,,
,,,,,,,,,,,,,,,,,,,,,,,,,,,,
,,,,,,,,,,,,,,,,,,,,,,,,,,,,
,,,,,,,,,,,,,,,,,,,,,,,,,,,,
,,,,,,,,,,,,,,,,,,,,,,,,,,,,
,,,,,,,,,,,,,,,,,,,,,,,,,,,,
,,,,,,,,,,,,,,,,,,,,,,,,,,,,
,,,,,,,,,,,,,,,,,,,,,,,,,,,,
,,,,,,,,,,,,,,,,,,,,,,,,,,,,
,,,,,,,,,,,,,,,,,,,,,,,,,,,,
,,,,,,,,,,,,,,,,,,,,,,,,,,,,
,,,,,,,,,,,,,,,,,,,,,,,,,,,,
,,,,,,,,,,,,,,,,,,,,,,,,,,,,
,,,,,,,,,,,,,,,,,,,,,,,,,,,,
,,,,,,,,,,,,,,,,,,,,,,,,,,,,
,,,,,,,,,,,,,,,,,,,,,,,,,,,,
,,,,,,,,,,,,,,,,,,,,,,,,,,,,
,,,,,,,,,,,,,,,,,,,,,,,,,,,,
,,,,,,,,,,,,,,,,,,,,,,,,,,,,
,,,,,,,,,,,,,,,,,,,,,,,,,,,,
,,,,,,,,,,,,,,,,,,,,,,,,,,,,
,,,,,,,,,,,,,,,,,,,,,,,,,,,,
,,,,,,,,,,,,,,,,,,,,,,,,,,,,
,,,,,,,,,,,,,,,,,,,,,,,,,,,,
,,,,,,,,,,,,,,,,,,,,,,,,,,,,
,,,,,,,,,,,,,,,,,,,,,,,,,,,,
,,,,,,,,,,,,,,,,,,,,,,,,,,,,
,,,,,,,,,,,,,,,,,,,,,,,,,,,,
,,,,,,,,,,,,,,,,,,,,,,,,,,,,
,,,,,,,,,,,,,,,,,,,,,,,,,,,,
,,,,,,,,,,,,,,,,,,,,,,,,,,,,
,,,,,,,,,,,,,,,,,,,,,,,,,,,,
,,,,,,,,,,,,,,,,,,,,,,,,,,,,
,,,,,,,,,,,,,,,,,,,,,,,,,,,,
,,,,,,,,,,,,,,,,,,,,,,,,,,,,
,,,,,,,,,,,,,,,,,,,,,,,,,,,,
,,,,,,,,,,,,,,,,,,,,,,,,,,,,
,,,,,,,,,,,,,,,,,,,,,,,,,,,,
,,,,,,,,,,,,,,,,,,,,,,,,,,,,
,,,,,,,,,,,,,,,,,,,,,,,,,,,,
,,,,,,,,,,,,,,,,,,,,,,,,,,,,
,,,,,,,,,,,,,,,,,,,,,,,,,,,,
,,,,,,,,,,,,,,,,,,,,,,,,,,,,
,,,,,,,,,,,,,,,,,,,,,,,,,,,,
,,,,,,,,,,,,,,,,,,,,,,,,,,,,
,,,,,,,,,,,,,,,,,,,,,,,,,,,,
,,,,,,,,,,,,,,,,,,,,,,,,,,,,
,,,,,,,,,,,,,,,,,,,,,,,,,,,,
,,,,,,,,,,,,,,,,,,,,,,,,,,,,
,,,,,,,,,,,,,,,,,,,,,,,,,,,,
,,,,,,,,,,,,,,,,,,,,,,,,,,,,
,,,,,,,,,,,,,,,,,,,,,,,,,,,,
,,,,,,,,,,,,,,,,,,,,,,,,,,,,
,,,,,,,,,,,,,,,,,,,,,,,,,,,,
,,,,,,,,,,,,,,,,,,,,,,,,,,,,
,,,,,,,,,,,,,,,,,,,,,,,,,,,,
,,,,,,,,,,,,,,,,,,,,,,,,,,,,
,,,,,,,,,,,,,,,,,,,,,,,,,,,,
,,,,,,,,,,,,,,,,,,,,,,,,,,,,
,,,,,,,,,,,,,,,,,,,,,,,,,,,,
,,,,,,,,,,,,,,,,,,,,,,,,,,,,
,,,,,,,,,,,,,,,,,,,,,,,,,,,,
,,,,,,,,,,,,,,,,,,,,,,,,,,,,
,,,,,,,,,,,,,,,,,,,,,,,,,,,,
,,,,,,,,,,,,,,,,,,,,,,,,,,,,
,,,,,,,,,,,,,,,,,,,,,,,,,,,,
,,,,,,,,,,,,,,,,,,,,,,,,,,,,
,,,,,,,,,,,,,,,,,,,,,,,,,,,,
,,,,,,,,,,,,,,,,,,,,,,,,,,,,
,,,,,,,,,,,,,,,,,,,,,,,,,,,,
,,,,,,,,,,,,,,,,,,,,,,,,,,,,
,,,,,,,,,,,,,,,,,,,,,,,,,,,,
,,,,,,,,,,,,,,,,,,,,,,,,,,,,
,,,,,,,,,,,,,,,,,,,,,,,,,,,,
,,,,,,,,,,,,,,,,,,,,,,,,,,,,
,,,,,,,,,,,,,,,,,,,,,,,,,,,,
,,,,,,,,,,,,,,,,,,,,,,,,,,,,
,,,,,,,,,,,,,,,,,,,,,,,,,,,,
,,,,,,,,,,,,,,,,,,,,,,,,,,,,
,,,,,,,,,,,,,,,,,,,,,,,,,,,,
,,,,,,,,,,,,,,,,,,,,,,,,,,,,
,,,,,,,,,,,,,,,,,,,,,,,,,,,,
,,,,,,,,,,,,,,,,,,,,,,,,,,,,
,,,,,,,,,,,,,,,,,,,,,,,,,,,,
,,,,,,,,,,,,,,,,,,,,,,,,,,,,
,,,,,,,,,,,,,,,,,,,,,,,,,,,,
,,,,,,,,,,,,,,,,,,,,,,,,,,,,
,,,,,,,,,,,,,,,,,,,,,,,,,,,,
,,,,,,,,,,,,,,,,,,,,,,,,,,,,
,,,,,,,,,,,,,,,,,,,,,,,,,,,,
,,,,,,,,,,,,,,,,,,,,,,,,,,,,
,,,,,,,,,,,,,,,,,,,,,,,,,,,,
,,,,,,,,,,,,,,,,,,,,,,,,,,,,
,,,,,,,,,,,,,,,,,,,,,,,,,,,,
,,,,,,,,,,,,,,,,,,,,,,,,,,,,
,,,,,,,,,,,,,,,,,,,,,,,,,,,,
,,,,,,,,,,,,,,,,,,,,,,,,,,,,
,,,,,,,,,,,,,,,,,,,,,,,,,,,,
,,,,,,,,,,,,,,,,,,,,,,,,,,,,
,,,,,,,,,,,,,,,,,,,,,,,,,,,,
,,,,,,,,,,,,,,,,,,,,,,,,,,,,
,,,,,,,,,,,,,,,,,,,,,,,,,,,,
,,,,,,,,,,,,,,,,,,,,,,,,,,,,
,,,,,,,,,,,,,,,,,,,,,,,,,,,,
,,,,,,,,,,,,,,,,,,,,,,,,,,,,
,,,,,,,,,,,,,,,,,,,,,,,,,,,,
,,,,,,,,,,,,,,,,,,,,,,,,,,,,
,,,,,,,,,,,,,,,,,,,,,,,,,,,,
,,,,,,,,,,,,,,,,,,,,,,,,,,,,
,,,,,,,,,,,,,,,,,,,,,,,,,,,,
,,,,,,,,,,,,,,,,,,,,,,,,,,,,
,,,,,,,,,,,,,,,,,,,,,,,,,,,,
,,,,,,,,,,,,,,,,,,,,,,,,,,,,
,,,,,,,,,,,,,,,,,,,,,,,,,,,,
,,,,,,,,,,,,,,,,,,,,,,,,,,,,
,,,,,,,,,,,,,,,,,,,,,,,,,,,,
,,,,,,,,,,,,,,,,,,,,,,,,,,,,
,,,,,,,,,,,,,,,,,,,,,,,,,,,,
,,,,,,,,,,,,,,,,,,,,,,,,,,,,
,,,,,,,,,,,,,,,,,,,,,,,,,,,,
,,,,,,,,,,,,,,,,,,,,,,,,,,,,
,,,,,,,,,,,,,,,,,,,,,,,,,,,,
,,,,,,,,,,,,,,,,,,,,,,,,,,,,
,,,,,,,,,,,,,,,,,,,,,,,,,,,,
,,,,,,,,,,,,,,,,,,,,,,,,,,,,
,,,,,,,,,,,,,,,,,,,,,,,,,,,,
,,,,,,,,,,,,,,,,,,,,,,,,,,,,
,,,,,,,,,,,,,,,,,,,,,,,,,,,,
,,,,,,,,,,,,,,,,,,,,,,,,,,,,
,,,,,,,,,,,,,,,,,,,,,,,,,,,,
,,,,,,,,,,,,,,,,,,,,,,,,,,,,
,,,,,,,,,,,,,,,,,,,,,,,,,,,,
,,,,,,,,,,,,,,,,,,,,,,,,,,,,
,,,,,,,,,,,,,,,,,,,,,,,,,,,,
,,,,,,,,,,,,,,,,,,,,,,,,,,,,
,,,,,,,,,,,,,,,,,,,,,,,,,,,,
,,,,,,,,,,,,,,,,,,,,,,,,,,,,
,,,,,,,,,,,,,,,,,,,,,,,,,,,,
,,,,,,,,,,,,,,,,,,,,,,,,,,,,
,,,,,,,,,,,,,,,,,,,,,,,,,,,,
,,,,,,,,,,,,,,,,,,,,,,,,,,,,
,,,,,,,,,,,,,,,,,,,,,,,,,,,,
,,,,,,,,,,,,,,,,,,,,,,,,,,,,
,,,,,,,,,,,,,,,,,,,,,,,,,,,,
,,,,,,,,,,,,,,,,,,,,,,,,,,,,
,,,,,,,,,,,,,,,,,,,,,,,,,,,,
,,,,,,,,,,,,,,,,,,,,,,,,,,,,
,,,,,,,,,,,,,,,,,,,,,,,,,,,,
,,,,,,,,,,,,,,,,,,,,,,,,,,,,
,,,,,,,,,,,,,,,,,,,,,,,,,,,,
,,,,,,,,,,,,,,,,,,,,,,,,,,,,
,,,,,,,,,,,,,,,,,,,,,,,,,,,,
,,,,,,,,,,,,,,,,,,,,,,,,,,,,
,,,,,,,,,,,,,,,,,,,,,,,,,,,,
,,,,,,,,,,,,,,,,,,,,,,,,,,,,
,,,,,,,,,,,,,,,,,,,,,,,,,,,,
,,,,,,,,,,,,,,,,,,,,,,,,,,,,
,,,,,,,,,,,,,,,,,,,,,,,,,,,,
,,,,,,,,,,,,,,,,,,,,,,,,,,,,
,,,,,,,,,,,,,,,,,,,,,,,,,,,,
,,,,,,,,,,,,,,,,,,,,,,,,,,,,
,,,,,,,,,,,,,,,,,,,,,,,,,,,,
,,,,,,,,,,,,,,,,,,,,,,,,,,,,
,,,,,,,,,,,,,,,,,,,,,,,,,,,,
,,,,,,,,,,,,,,,,,,,,,,,,,,,,
,,,,,,,,,,,,,,,,,,,,,,,,,,,,
,,,,,,,,,,,,,,,,,,,,,,,,,,,,
,,,,,,,,,,,,,,,,,,,,,,,,,,,,
,,,,,,,,,,,,,,,,,,,,,,,,,,,,
,,,,,,,,,,,,,,,,,,,,,,,,,,,,
,,,,,,,,,,,,,,,,,,,,,,,,,,,,
,,,,,,,,,,,,,,,,,,,,,,,,,,,,
,,,,,,,,,,,,,,,,,,,,,,,,,,,,
,,,,,,,,,,,,,,,,,,,,,,,,,,,,
,,,,,,,,,,,,,,,,,,,,,,,,,,,,
,,,,,,,,,,,,,,,,,,,,,,,,,,,,
,,,,,,,,,,,,,,,,,,,,,,,,,,,,
,,,,,,,,,,,,,,,,,,,,,,,,,,,,
,,,,,,,,,,,,,,,,,,,,,,,,,,,,
,,,,,,,,,,,,,,,,,,,,,,,,,,,,
,,,,,,,,,,,,,,,,,,,,,,,,,,,,
,,,,,,,,,,,,,,,,,,,,,,,,,,,,
,,,,,,,,,,,,,,,,,,,,,,,,,,,,
,,,,,,,,,,,,,,,,,,,,,,,,,,,,
,,,,,,,,,,,,,,,,,,,,,,,,,,,,
,,,,,,,,,,,,,,,,,,,,,,,,,,,,
,,,,,,,,,,,,,,,,,,,,,,,,,,,,
,,,,,,,,,,,,,,,,,,,,,,,,,,,,
,,,,,,,,,,,,,,,,,,,,,,,,,,,,
,,,,,,,,,,,,,,,,,,,,,,,,,,,,
,,,,,,,,,,,,,,,,,,,,,,,,,,,,
,,,,,,,,,,,,,,,,,,,,,,,,,,,,
,,,,,,,,,,,,,,,,,,,,,,,,,,,,
,,,,,,,,,,,,,,,,,,,,,,,,,,,,
,,,,,,,,,,,,,,,,,,,,,,,,,,,,
,,,,,,,,,,,,,,,,,,,,,,,,,,,,
,,,,,,,,,,,,,,,,,,,,,,,,,,,,
,,,,,,,,,,,,,,,,,,,,,,,,,,,,
,,,,,,,,,,,,,,,,,,,,,,,,,,,,
,,,,,,,,,,,,,,,,,,,,,,,,,,,,
,,,,,,,,,,,,,,,,,,,,,,,,,,,,
,,,,,,,,,,,,,,,,,,,,,,,,,,,,
,,,,,,,,,,,,,,,,,,,,,,,,,,,,
,,,,,,,,,,,,,,,,,,,,,,,,,,,,
,,,,,,,,,,,,,,,,,,,,,,,,,,,,
,,,,,,,,,,,,,,,,,,,,,,,,,,,,
,,,,,,,,,,,,,,,,,,,,,,,,,,,,
,,,,,,,,,,,,,,,,,,,,,,,,,,,,
,,,,,,,,,,,,,,,,,,,,,,,,,,,,
,,,,,,,,,,,,,,,,,,,,,,,,,,,,
,,,,,,,,,,,,,,,,,,,,,,,,,,,,
,,,,,,,,,,,,,,,,,,,,,,,,,,,,
,,,,,,,,,,,,,,,,,,,,,,,,,,,,
,,,,,,,,,,,,,,,,,,,,,,,,,,,,
,,,,,,,,,,,,,,,,,,,,,,,,,,,,
,,,,,,,,,,,,,,,,,,,,,,,,,,,,
,,,,,,,,,,,,,,,,,,,,,,,,,,,,
,,,,,,,,,,,,,,,,,,,,,,,,,,,,
,,,,,,,,,,,,,,,,,,,,,,,,,,,,
,,,,,,,,,,,,,,,,,,,,,,,,,,,,
,,,,,,,,,,,,,,,,,,,,,,,,,,,,
,,,,,,,,,,,,,,,,,,,,,,,,,,,,
,,,,,,,,,,,,,,,,,,,,,,,,,,,,
,,,,,,,,,,,,,,,,,,,,,,,,,,,,
,,,,,,,,,,,,,,,,,,,,,,,,,,,,
,,,,,,,,,,,,,,,,,,,,,,,,,,,,
,,,,,,,,,,,,,,,,,,,,,,,,,,,,
,,,,,,,,,,,,,,,,,,,,,,,,,,,,
,,,,,,,,,,,,,,,,,,,,,,,,,,,,
,,,,,,,,,,,,,,,,,,,,,,,,,,,,
,,,,,,,,,,,,,,,,,,,,,,,,,,,,
,,,,,,,,,,,,,,,,,,,,,,,,,,,,
,,,,,,,,,,,,,,,,,,,,,,,,,,,,
,,,,,,,,,,,,,,,,,,,,,,,,,,,,
,,,,,,,,,,,,,,,,,,,,,,,,,,,,
,,,,,,,,,,,,,,,,,,,,,,,,,,,,
,,,,,,,,,,,,,,,,,,,,,,,,,,,,
,,,,,,,,,,,,,,,,,,,,,,,,,,,,
,,,,,,,,,,,,,,,,,,,,,,,,,,,,
,,,,,,,,,,,,,,,,,,,,,,,,,,,,
,,,,,,,,,,,,,,,,,,,,,,,,,,,,
,,,,,,,,,,,,,,,,,,,,,,,,,,,,
,,,,,,,,,,,,,,,,,,,,,,,,,,,,
,,,,,,,,,,,,,,,,,,,,,,,,,,,,
,,,,,,,,,,,,,,,,,,,,,,,,,,,,
,,,,,,,,,,,,,,,,,,,,,,,,,,,,
,,,,,,,,,,,,,,,,,,,,,,,,,,,,
,,,,,,,,,,,,,,,,,,,,,,,,,,,,
,,,,,,,,,,,,,,,,,,,,,,,,,,,,
,,,,,,,,,,,,,,,,,,,,,,,,,,,,
,,,,,,,,,,,,,,,,,,,,,,,,,,,,
,,,,,,,,,,,,,,,,,,,,,,,,,,,,
,,,,,,,,,,,,,,,,,,,,,,,,,,,,
,,,,,,,,,,,,,,,,,,,,,,,,,,,,
,,,,,,,,,,,,,,,,,,,,,,,,,,,,
,,,,,,,,,,,,,,,,,,,,,,,,,,,,
,,,,,,,,,,,,,,,,,,,,,,,,,,,,
,,,,,,,,,,,,,,,,,,,,,,,,,,,,
,,,,,,,,,,,,,,,,,,,,,,,,,,,,
,,,,,,,,,,,,,,,,,,,,,,,,,,,,
,,,,,,,,,,,,,,,,,,,,,,,,,,,,
,,,,,,,,,,,,,,,,,,,,,,,,,,,,
,,,,,,,,,,,,,,,,,,,,,,,,,,,,
,,,,,,,,,,,,,,,,,,,,,,,,,,,,
,,,,,,,,,,,,,,,,,,,,,,,,,,,,
,,,,,,,,,,,,,,,,,,,,,,,,,,,,
,,,,,,,,,,,,,,,,,,,,,,,,,,,,
,,,,,,,,,,,,,,,,,,,,,,,,,,,,
,,,,,,,,,,,,,,,,,,,,,,,,,,,,
,,,,,,,,,,,,,,,,,,,,,,,,,,,,
,,,,,,,,,,,,,,,,,,,,,,,,,,,,
,,,,,,,,,,,,,,,,,,,,,,,,,,,,
,,,,,,,,,,,,,,,,,,,,,,,,,,,,
,,,,,,,,,,,,,,,,,,,,,,,,,,,,
,,,,,,,,,,,,,,,,,,,,,,,,,,,,
,,,,,,,,,,,,,,,,,,,,,,,,,,,,
,,,,,,,,,,,,,,,,,,,,,,,,,,,,
,,,,,,,,,,,,,,,,,,,,,,,,,,,,
,,,,,,,,,,,,,,,,,,,,,,,,,,,,
,,,,,,,,,,,,,,,,,,,,,,,,,,,,
,,,,,,,,,,,,,,,,,,,,,,,,,,,,
,,,,,,,,,,,,,,,,,,,,,,,,,,,,
,,,,,,,,,,,,,,,,,,,,,,,,,,,,
,,,,,,,,,,,,,,,,,,,,,,,,,,,,
,,,,,,,,,,,,,,,,,,,,,,,,,,,,
,,,,,,,,,,,,,,,,,,,,,,,,,,,,
,,,,,,,,,,,,,,,,,,,,,,,,,,,,
,,,,,,,,,,,,,,,,,,,,,,,,,,,,
,,,,,,,,,,,,,,,,,,,,,,,,,,,,
,,,,,,,,,,,,,,,,,,,,,,,,,,,,
,,,,,,,,,,,,,,,,,,,,,,,,,,,,
,,,,,,,,,,,,,,,,,,,,,,,,,,,,
,,,,,,,,,,,,,,,,,,,,,,,,,,,,
,,,,,,,,,,,,,,,,,,,,,,,,,,,,
,,,,,,,,,,,,,,,,,,,,,,,,,,,,
,,,,,,,,,,,,,,,,,,,,,,,,,,,,
,,,,,,,,,,,,,,,,,,,,,,,,,,,,
,,,,,,,,,,,,,,,,,,,,,,,,,,,,
,,,,,,,,,,,,,,,,,,,,,,,,,,,,
,,,,,,,,,,,,,,,,,,,,,,,,,,,,
,,,,,,,,,,,,,,,,,,,,,,,,,,,,
,,,,,,,,,,,,,,,,,,,,,,,,,,,,
,,,,,,,,,,,,,,,,,,,,,,,,,,,,
,,,,,,,,,,,,,,,,,,,,,,,,,,,,
,,,,,,,,,,,,,,,,,,,,,,,,,,,,
,,,,,,,,,,,,,,,,,,,,,,,,,,,,
,,,,,,,,,,,,,,,,,,,,,,,,,,,,
,,,,,,,,,,,,,,,,,,,,,,,,,,,,
,,,,,,,,,,,,,,,,,,,,,,,,,,,,
,,,,,,,,,,,,,,,,,,,,,,,,,,,,
,,,,,,,,,,,,,,,,,,,,,,,,,,,,
,,,,,,,,,,,,,,,,,,,,,,,,,,,,
,,,,,,,,,,,,,,,,,,,,,,,,,,,,
,,,,,,,,,,,,,,,,,,,,,,,,,,,,
,,,,,,,,,,,,,,,,,,,,,,,,,,,,
,,,,,,,,,,,,,,,,,,,,,,,,,,,,
,,,,,,,,,,,,,,,,,,,,,,,,,,,,
,,,,,,,,,,,,,,,,,,,,,,,,,,,,
,,,,,,,,,,,,,,,,,,,,,,,,,,,,
,,,,,,,,,,,,,,,,,,,,,,,,,,,,
,,,,,,,,,,,,,,,,,,,,,,,,,,,,
,,,,,,,,,,,,,,,,,,,,,,,,,,,,
,,,,,,,,,,,,,,,,,,,,,,,,,,,,
,,,,,,,,,,,,,,,,,,,,,,,,,,,,
,,,,,,,,,,,,,,,,,,,,,,,,,,,,
,,,,,,,,,,,,,,,,,,,,,,,,,,,,
,,,,,,,,,,,,,,,,,,,,,,,,,,,,
,,,,,,,,,,,,,,,,,,,,,,,,,,,,
,,,,,,,,,,,,,,,,,,,,,,,,,,,,
,,,,,,,,,,,,,,,,,,,,,,,,,,,,
,,,,,,,,,,,,,,,,,,,,,,,,,,,,
,,,,,,,,,,,,,,,,,,,,,,,,,,,,
,,,,,,,,,,,,,,,,,,,,,,,,,,,,
,,,,,,,,,,,,,,,,,,,,,,,,,,,,
,,,,,,,,,,,,,,,,,,,,,,,,,,,,
,,,,,,,,,,,,,,,,,,,,,,,,,,,,
,,,,,,,,,,,,,,,,,,,,,,,,,,,,
