FundraiserID,Fundraiser,Date Initiated,Date Completed,Type,Status,Associated Center,People Approached,Donations Received,USPS Non-Profit Form 3624 Status,Annual Fundraising Authorization Status (LAPD Information Card),Volunteer Hours,Total Costs,Total Raised,Promised,Profit,Report of Results of Activity (ROR) Status,Notes,,,,,,,,,,,,,
FUN-00001,Amazon Smile,8/11/2014,2/20/2023,Percentage of purchase,Completed,Corporate,?,37,Not Necessary,Not Necessary,,$0.00 ,"$1,616.28 ",N/A,"$1,616.28 ",Submitted,,,,,,,,,,,,,,
FUN-00002,Antique Portraiture Fundraiser 2013,8/20/2013,8/20/2013,Percentage of purchase,Completed,JP,?,1,Not Necessary,Not Necessary,,$0.00 ,$214.50 ,N/A,$214.50 ,Submitted,,,,,,,,,,,,,,
FUN-00003,Antique Portraiture Fundraiser 2014,2/4/2014,2/4/2014,Percentage of purchase,Completed,HP,?,1,Not Necessary,Not Necessary,,$0.00 ,$222.00 ,N/A,$222.00 ,Submitted,,,,,,,,,,,,,,
FUN-00004,Appeal Letter 2025,1/22/2025,,Mailer,Planned,Corporate,,2,Approved,Unknown,,$0.00 ,$479.94 ,N/A,$0.00 ,Not Submitted,"DonorBox at 136/month (?), 3624 Granted 12/23/24, NPA #1938877",,,,,,,,,,,,,
FUN-00005,Art Sale 2009,6/4/2009,6/4/2009,Percentage of purchase,Completed,HP,?,1,Not Necessary,Not Necessary,,$0.00 ,"$1,066.00 ",N/A,"$1,066.00 ",Submitted,,,,,,,,,,,,,,
FUN-00006,Art Sale 2010,11/23/2010,11/23/2010,Percentage of purchase,Completed,LCV,?,1,Not Necessary,Not Necessary,,$50.00 ,$110.00 ,N/A,$60.00 ,Submitted,,,,,,,,,,,,,,
FUN-00007,Big Sunday Reimbursement,6/14/2011,6/14/2011,Grant,Completed,LCV,?,1,Not Necessary,Unknown,,$0.00 ,$396.93 ,N/A,$396.93 ,Submitted,,,,,,,,,,,,,,
FUN-00008,Birthday Fundraiser,12/11/2012,7/30/2015,Direct Donation,Completed,All Centers,?,6,Not Necessary,Unknown,,$0.00 ,"$1,220.00 ",N/A,"$1,220.00 ",Submitted,,,,,,,,,,,,,,
FUN-00009,Blake's Mailer,5/1/2024,5/31/2024,Mailer,Completed,Corporate,29,4,Not Submitted,Unknown,,$511.66 ,"$1,151.66 ",N/A,$128.34 ,Not Submitted,,,,,,,,,,,,,,
FUN-00010,Book Fair 2005,9/1/2005,9/1/2005,Book Fair,Completed,All Centers,?,4,Not Necessary,Unknown,,$0.00 ,"$1,979.25 ",N/A,"$1,979.25 ",Submitted,,,,,,,,,,,,,,
FUN-00011,Book Fair 2006,7/10/2006,7/10/2006,Book Fair,Completed,All Centers,?,1,Not Necessary,Unknown,,$617.12 ,$803.39 ,N/A,$186.27 ,Submitted,,,,,,,,,,,,,,
FUN-00012,Book Fair 2008,6/1/2008,6/1/2008,Book Fair,Completed,All Centers,?,1,Not Necessary,Unknown,,$355.60 ,$412.50 ,N/A,$56.90 ,Submitted,,,,,,,,,,,,,,
FUN-00013,Book Fair 2009,9/1/2009,9/1/2009,Book Fair,Completed,All Centers,?,2,Not Necessary,Unknown,,$14.00 ,$905.00 ,N/A,$891.00 ,Submitted,,,,,,,,,,,,,,
FUN-00014,Book Fair 2010,5/21/2010,5/21/2010,Book Fair,Completed,All Centers,?,2,Not Necessary,Unknown,,$52.00 ,$435.50 ,N/A,$383.50 ,Submitted,,,,,,,,,,,,,,
FUN-00015,Breakfast to Go Fundraiser,3/23/2009,11/25/2009,Direct Donation,Completed,LCV,?,8,Not Necessary,Unknown,,$8.89 ,"$1,018.80 ",N/A,"$1,009.91 ",Submitted,,,,,,,,,,,,,,
FUN-00016,Bubblemania Fundraiser,4/17/2014,4/17/2014,Sale,Completed,Corporate,?,1,Not Necessary,Unknown,,$0.00 ,$100.00 ,N/A,$100.00 ,Submitted,,,,,,,,,,,,,,
FUN-00017,Bunny Fundraiser,4/3/2009,4/21/2009,Direct Donation,Completed,LCV,?,2,Not Necessary,Unknown,,$0.00 ,$103.00 ,N/A,$103.00 ,Submitted,,,,,,,,,,,,,,
FUN-00018,Buttons Fundraiser,2/10/2012,2/29/2012,Direct Donation,Completed,HP,?,2,Not Necessary,Unknown,,$50.72 ,$162.00 ,N/A,$111.28 ,Submitted,,,,,,,,,,,,,,
FUN-00019,Cafe Wednesdays,11/9/2016,9/27/2019,Direct Donation,Completed,LCV,?,116,Not Necessary,Unknown,,$55.70 ,"$9,001.33 ",N/A,"$8,945.63 ",Submitted,,,,,,,,,,,,,,
FUN-00020,Camp Night Raffle,8/12/2011,8/22/2011,Direct Donation,Completed,LCV,?,4,Not Necessary,Unknown,,$313.65 ,$570.00 ,N/A,$256.35 ,Submitted,,,,,,,,,,,,,,
FUN-00021,CD-1 Supplies,11/4/2019,11/4/2019,Grant,Completed,JP,?,1,Not Necessary,Unknown,,$0.00 ,"$2,500.00 ",N/A,"$2,500.00 ",Submitted,,,,,,,,,,,,,,
FUN-00022,Check from Pasadena Community Foundation,5/31/2020,5/31/2020,Grant,Completed,Corporate,?,1,Not Necessary,Unknown,,$0.00 ,$250.00 ,N/A,$250.00 ,Submitted,,,,,,,,,,,,,,
FUN-00023,Child Related Research Fundraiser,8/5/2010,8/5/2010,Direct Donation,Completed,LCV,?,2,Not Necessary,Unknown,,$0.00 ,$20.00 ,N/A,$20.00 ,Submitted,,,,,,,,,,,,,,
FUN-00024,Childcare Grant - MWA,9/22/2005,9/22/2005,Grant,Completed,Corporate,?,1,Not Necessary,Unknown,,$0.00 ,"$1,000.00 ",N/A,"$1,000.00 ",Submitted,,,,,,,,,,,,,,
FUN-00025,Community Discount Cards Fundraiser,11/29/2005,7/9/2008,Percentage of purchase,Completed,HP,?,8,Not Necessary,Not Necessary,,$184.71 ,"$1,690.00 ",N/A,"$1,505.29 ",Submitted,,,,,,,,,,,,,,
FUN-00026,Cookie Dough Fundraiser,8/10/2006,4/3/2009,Percentage of purchase,Completed,HP,?,8,Not Necessary,Not Necessary,,$179.52 ,"$2,592.69 ",N/A,"$2,413.17 ",Submitted,,,,,,,,,,,,,,
FUN-00027,Costume Club,11/18/2010,12/7/2011,Percentage of purchase,Completed,JP,?,4,Not Necessary,Not Necessary,,$456.12 ,$193.74 ,N/A,($262.38),Submitted,,,,,,,,,,,,,,
FUN-00028,Costume Supercenter Fundraiser,1/25/2013,1/25/2013,Sale,Completed,JP,?,1,Not Necessary,Unknown,,$296.64 ,$35.01 ,N/A,($261.63),Submitted,,,,,,,,,,,,,,
FUN-00029,Dia de los Muertos Fundraiser,11/5/2013,11/6/2013,Direct Donation,Completed,LCV,?,2,Not Necessary,Unknown,,$0.00 ,$772.00 ,N/A,$772.00 ,Submitted,,,,,,,,,,,,,,
FUN-00030,Dog Haus Fundraiser,11/27/2011,11/27/2011,Direct Donation,Completed,JP,?,1,Not Necessary,Unknown,,$0.00 ,$100.00 ,N/A,$100.00 ,Submitted,,,,,,,,,,,,,,
FUN-00031,Donation re Farmers Market,3/5/2020,3/5/2020,Direct Donation,Completed,Corporate,?,1,Not Necessary,Unknown,,$0.00 ,$50.00 ,N/A,$50.00 ,Submitted,,,,,,,,,,,,,,
FUN-00032,EcoPhones Fundraiser,1/6/2012,1/25/2013,Percentage of purchase,Completed,JP,?,3,Not Necessary,Not Necessary,,$0.00 ,$39.85 ,N/A,$39.85 ,Submitted,,,,,,,,,,,,,,
FUN-00033,Extra,1/6/2012,1/18/2012,Direct Donation,Completed,Corporate,?,2,Not Necessary,Unknown,,$0.00 ,$55.00 ,N/A,$55.00 ,Submitted,,,,,,,,,,,,,,
FUN-00034,Flower Sale,5/3/2013,5/21/2013,Sale,Completed,HP,?,2,Not Necessary,Unknown,,$157.84 ,$490.00 ,N/A,$332.16 ,Submitted,,,,,,,,,,,,,,
FUN-00035,Friendship Party,2/9/2009,2/9/2009,Direct Donation,Completed,LCV,?,1,Not Necessary,Unknown,,$152.86 ,$21.00 ,N/A,($131.86),Submitted,,,,,,,,,,,,,,
FUN-00036,Fruit Snack Fundraiser,6/12/2013,6/12/2013,Percentage of purchase,Completed,JP,?,1,Not Necessary,Not Necessary,,$32.67 ,$108.00 ,N/A,$75.33 ,Submitted,,,,,,,,,,,,,,
FUN-00037,Furniture Sale,7/17/2012,10/6/2008,Sale,Completed,LCV,?,4,Not Necessary,Unknown,,$0.00 ,$735.00 ,N/A,$735.00 ,Submitted,,,,,,,,,,,,,,
FUN-00038,Gift Cards for Teachers 2015,12/23/2015,12/23/2015,Direct Donation,Completed,LCV,?,0,Not Necessary,Unknown,,$0.00 ,$0.00 ,N/A,$0.00 ,Submitted,,,,,,,,,,,,,,
FUN-00039,Give Back,12/16/2011,12/16/2011,Direct Donation,Completed,JP,?,1,Not Necessary,Unknown,,$0.00 ,$28.00 ,N/A,$28.00 ,Submitted,,,,,,,,,,,,,,
FUN-00040,Giving Tree Fundraiser,9/3/2013,9/3/2013,Direct Donation,Completed,JP,?,1,Not Necessary,Unknown,,$0.00 ,$150.00 ,N/A,$150.00 ,Submitted,,,,,,,,,,,,,,
FUN-00041,Go-Fund-Me 2017,11/24/2017,12/29/2017,Direct Donation,Completed,LCV,?,2,Not Necessary,Unknown,,$0.00 ,$608.56 ,N/A,$608.56 ,Submitted,,,,,,,,,,,,,,
FUN-00042,Goodsearch / Goodshop Fundraiser,11/18/2010,11/28/2017,Percentage of purchase,Completed,Corporate,?,16,Not Necessary,Not Necessary,,$0.00 ,$459.71 ,N/A,$459.71 ,Submitted,,,,,,,,,,,,,,
FUN-00043,Graduation Raffle 2013,6/28/2013,6/28/2013,Sale,Completed,LCV,?,1,Not Necessary,Unknown,,$300.00 ,$447.00 ,N/A,$147.00 ,Submitted,,,,,,,,,,,,,,
FUN-00044,Graduation Raffle 2017,6/14/2017,6/14/2017,Sale,Completed,LCV,?,1,Not Necessary,Unknown,,$0.00 ,$322.00 ,N/A,$322.00 ,Submitted,,,,,,,,,,,,,,
FUN-00045,Grant 25008 Cochran-Bond Investment Group,4/30/2020,4/30/2020,Grant,Completed,Corporate,?,1,Not Necessary,Unknown,,$0.00 ,$250.00 ,N/A,$250.00 ,Submitted,,,,,,,,,,,,,,
FUN-00046,Halloween Party,10/28/2016,10/31/2016,Direct Donation,Completed,LCV,?,16,Not Necessary,Unknown,,$0.00 ,"$6,324.92 ",N/A,"$6,324.92 ",Submitted,,,,,,,,,,,,,,
FUN-00047,Handprints Fundraiser,4/3/2009,5/1/2009,Direct Donation,Completed,LCV,?,5,Not Necessary,Unknown,,$0.00 ,$519.00 ,N/A,$519.00 ,Submitted,,,,,,,,,,,,,,
FUN-00048,Holiday Fundraiser,12/23/2013,12/23/2013,Direct Donation,Completed,JP,?,1,Not Necessary,Unknown,,$0.00 ,$160.00 ,N/A,$160.00 ,Submitted,,,,,,,,,,,,,,
FUN-00049,In Pat's Memory,12/20/2018,1/25/2019,Direct Donation,Completed,Corporate,?,36,Not Necessary,Unknown,,$0.00 ,"$51,368.55 ",N/A,"$51,368.55 ",Submitted,,,,,,,,,,,,,,
FUN-00050,Inchbug Fundraiser,8/15/2024,,Percentage of purchase,Ongoing,All Centers,?,0,Not Necessary,Not Necessary,,$0.00 ,$0.00 ,N/A,$0.00 ,Unknown,,,,,,,,,,,,,,
FUN-00051,Johnny Rockets Fundraiser,1/22/2010,1/22/2010,Percentage of purchase,Completed,JP,?,0,Not Necessary,Not Necessary,,$0.00 ,$0.00 ,N/A,$238.38 ,Submitted,,,,,,,,,,,,,,
FUN-00052,Joy on York Mexican Cookies 2022,12/1/2022,12/31/2022,Percentage of purchase,Completed,Corporate,?,1,Not Necessary,Not Necessary,,$0.00 ,"$1,407.00 ",N/A,"$1,407.00 ",Unknown,,,,,,,,,,,,,,
FUN-00053,Joy on York Mexican Cookies 2024,7/1/2024,7/31/2024,Percentage of purchase,Completed,Corporate,?,1,Not Necessary,Not Necessary,,$0.00 ,"$1,253.00 ",N/A,"$1,253.00 ",Unknown,,,,,,,,,,,,,,
FUN-00054,Label Daddy Fundraiser,1/7/2014,8/19/2014,Percentage of purchase,Completed,LCV,?,3,Not Necessary,Not Necessary,,$0.00 ,$34.99 ,N/A,$34.99 ,Submitted,,,,,,,,,,,,,,
FUN-00055,Letter Campaign 2006,12/29/2006,4/13/2007,Mailer,Completed,Corporate,?,26,Unknown,Unknown,,$0.00 ,"$6,666.15 ",N/A,"$6,666.15 ",Submitted,,,,,,,,,,,,,,
FUN-00056,Letter Campaign 2007,12/6/2007,3/21/2008,Mailer,Completed,Corporate,?,28,Unknown,Unknown,,$0.00 ,"$7,235.00 ",N/A,"$7,235.00 ",Submitted,,,,,,,,,,,,,,
FUN-00057,Letter Campaign 2008,12/22/2008,1/23/2009,Mailer,Completed,Corporate,?,17,Unknown,Unknown,,$245.73 ,"$5,716.00 ",N/A,"$5,470.27 ",Submitted,,,,,,,,,,,,,,
FUN-00058,Letter Campaign 2009,12/3/2009,4/2/2010,Mailer,Completed,Corporate,?,20,Unknown,Unknown,,$0.00 ,"$8,218.00 ",N/A,"$8,218.00 ",Submitted,,,,,,,,,,,,,,
FUN-00059,Letter Campaign 2010,12/23/2010,2/7/2011,Mailer,Completed,Corporate,?,16,Unknown,Unknown,,$0.00 ,"$7,326.00 ",N/A,"$7,326.00 ",Submitted,,,,,,,,,,,,,,
FUN-00060,Letter Campaign 2011,12/21/2011,1/13/2012,Mailer,Completed,Corporate,?,19,Unknown,Unknown,,$0.00 ,"$7,718.00 ",N/A,"$7,718.00 ",Submitted,,,,,,,,,,,,,,
FUN-00061,Letter Campaign 2012,12/3/2012,3/31/2013,Mailer,Completed,Corporate,?,13,Unknown,Unknown,,$0.00 ,"$8,448.00 ",N/A,"$8,448.00 ",Submitted,,,,,,,,,,,,,,
FUN-00062,Letter Campaign 2013,12/12/2013,4/15/2014,Mailer,Completed,Corporate,?,23,Unknown,Unknown,,$0.00 ,"$8,146.03 ",N/A,"$8,146.03 ",Submitted,,,,,,,,,,,,,,
FUN-00063,Letter Campaign 2014,11/19/2014,6/5/2015,Mailer,Completed,Corporate,?,25,Unknown,Unknown,,$0.00 ,"$11,295.00 ",N/A,"$11,295.00 ",Submitted,,,,,,,,,,,,,,
FUN-00064,Letter Campaign 2015,11/20/2015,4/30/2016,Mailer,Completed,Corporate,?,14,Unknown,Unknown,,$0.00 ,"$12,305.00 ",N/A,"$12,305.00 ",Submitted,,,,,,,,,,,,,,
FUN-00065,Lovable Labels Fundraiser,2/4/2009,2/4/2009,Percentage of purchase,Completed,HP,?,1,Not Necessary,Not Necessary,,$0.00 ,$63.66 ,N/A,$63.66 ,Submitted,,,,,,,,,,,,,,
FUN-00066,Lummis Day Booth 2006,4/25/2006,4/25/2006,Sale,Completed,Corporate,?,5,Not Necessary,Unknown,,$114.22 ,$75.00 ,N/A,($39.22),Submitted,,,,,,,,,,,,,,
FUN-00067,Lummis Day Booth 2010,4/22/2010,4/22/2010,Sale,Completed,Corporate,?,0,Not Necessary,Unknown,,$50.00 ,$0.00 ,,($50.00),Submitted,,,,,,,,,,,,,,
FUN-00068,Lummis Day Booth 2013,10/23/2013,10/23/2013,Sale,Completed,Corporate,?,3,Not Necessary,Unknown,,$0.00 ,$175.00 ,N/A,$175.00 ,Submitted,,,,,,,,,,,,,,
FUN-00069,Martha's Photo Fundraiser,6/27/2012,6/27/2012,Direct Donation,Completed,JP,?,1,Not Necessary,Unknown,,$119.71 ,$10.00 ,N/A,($109.71),Submitted,,,,,,,,,,,,,,
FUN-00070,Mary Kay Ash Foundation Fundraiser,12/15/2010,12/15/2010,Grant,Completed,Corporate,?,1,Not Necessary,Unknown,,$255.00 ,$31.20 ,N/A,($223.80),Submitted,,,,,,,,,,,,,,
FUN-00071,Midland Fundraiser,4/26/2010,10/23/2017,Percentage of purchase,Completed,JP,?,25,Not Necessary,Not Necessary,,$51.91 ,"$13,870.50 ",N/A,"$13,818.59 ",Submitted,,,,,,,,,,,,,,
FUN-00072,Movie Night,6/27/2012,6/27/2012,Direct Donation,Completed,JP,?,1,Not Necessary,Unknown,,$62.78 ,$128.00 ,N/A,$65.22 ,Submitted,,,,,,,,,,,,,,
FUN-00073,Music Class Fundraiser,7/17/2009,7/3/2019,Direct Donation,Completed,LCV,?,48,Not Necessary,Unknown,,$573.60 ,"$6,290.00 ",N/A,"$5,716.40 ",Submitted,,,,,,,,,,,,,,
FUN-00074,New Year's Fundraising Appeal 2023,12/29/2023,1/1/2024,Mailer,Completed,Corporate,?,0,Unknown,Unknown,,$0.00 ,$0.00 ,N/A,$0.00 ,Unknown,,,,,,,,,,,,,,
FUN-00075,Noise Remediation Fundraiser,4/18/2011,8/31/2012,Direct Donation,Completed,LCV,?,26,Not Necessary,Unknown,,$48.09 ,"$10,992.50 ",N/A,"$10,944.41 ",Submitted,,,,,,,,,,,,,,
FUN-00076,Panicked Phone Calls 2024,,,Direct Donation,Completed,Corporate,?,1,Not Necessary,Unknown,,$0.00 ,$0.00 ,N/A,$0.00 ,Unknown,,,,,,,,,,,,,,
FUN-00077,Parents' Night Out 2005,8/31/2005,8/31/2005,Direct Donation,Completed,All Centers,?,1,Not Necessary,Unknown,,$339.11 ,$285.00 ,N/A,($54.11),Submitted,,,,,,,,,,,,,,
FUN-00078,Parents' Night Out 2007,12/19/2007,12/19/2007,Direct Donation,Completed,All Centers,?,1,Not Necessary,Unknown,,$0.00 ,$545.00 ,N/A,$545.00 ,Submitted,,,,,,,,,,,,,,
FUN-00079,Pat Griffith Scholarship Fund Creation,12/1/2016,1/25/2017,Mailer,Completed,Corporate,?,34,Unknown,Unknown,,$0.00 ,"$11,235.00 ",N/A,"$11,235.00 ",Submitted,,,,,,,,,,,,,,
FUN-00080,PGSF Letter Campaign 2017,11/17/2017,12/31/2017,Mailer,Completed,Corporate,?,22,Unknown,Unknown,,$0.00 ,"$6,975.00 ",N/A,"$6,975.00 ",Submitted,,,,,,,,,,,,,,
FUN-00081,Phoneraiser 2006,5/17/2006,10/19/2006,Direct Donation,Completed,Corporate,?,2,Not Necessary,Unknown,,$178.32 ,$49.50 ,N/A,($128.82),Submitted,,,,,,,,,,,,,,
FUN-00082,Phoneraiser 2007,1/5/2007,9/20/2007,Direct Donation,Completed,Corporate,?,4,Not Necessary,Unknown,,$0.00 ,$65.91 ,N/A,$65.91 ,Submitted,,,,,,,,,,,,,,
FUN-00083,Phoneraiser 2008,7/28/2008,11/24/2008,Direct Donation,Completed,Corporate,?,15,Not Necessary,Unknown,,$0.00 ,"$3,369.70 ",N/A,"$3,369.70 ",Submitted,,,,,,,,,,,,,,
FUN-00084,Picture Day 2006,6/22/2006,6/22/2006,Percentage of purchase,Completed,All Centers,?,1,Not Necessary,Not Necessary,,$0.00 ,$64.05 ,N/A,$64.05 ,Submitted,,,,,,,,,,,,,,
FUN-00085,Picture Day 2007,1/19/2007,1/19/2007,Percentage of purchase,Completed,All Centers,?,4,Not Necessary,Not Necessary,,$0.00 ,$698.03 ,N/A,$698.03 ,Submitted,,,,,,,,,,,,,,
FUN-00086,Picture Day 2008,1/25/2008,1/25/2008,Percentage of purchase,Completed,All Centers,?,2,Not Necessary,Not Necessary,,$0.00 ,$247.26 ,N/A,$247.26 ,Submitted,,,,,,,,,,,,,,
FUN-00087,Picture Day 2009,2/9/2009,2/9/2009,Percentage of purchase,Completed,All Centers,?,4,Not Necessary,Not Necessary,,$0.00 ,$543.39 ,N/A,$543.39 ,Submitted,,,,,,,,,,,,,,
FUN-00088,Picture Day 2010,1/15/2010,1/15/2010,Percentage of purchase,Completed,All Centers,?,7,Not Necessary,Not Necessary,,$0.00 ,$858.62 ,N/A,$858.62 ,Submitted,,,,,,,,,,,,,,
FUN-00089,Picture Day 2011,1/24/2011,1/24/2011,Percentage of purchase,Completed,All Centers,?,6,Not Necessary,Not Necessary,,$0.00 ,$881.07 ,N/A,$881.07 ,Submitted,,,,,,,,,,,,,,
FUN-00090,Picture Day 2012,1/27/2012,1/27/2012,Percentage of purchase,Completed,All Centers,?,6,Not Necessary,Not Necessary,,$142.10 ,$660.97 ,N/A,$518.87 ,Submitted,,,,,,,,,,,,,,
FUN-00091,Picture Day 2013,1/2/2013,1/2/2013,Percentage of purchase,Completed,All Centers,?,6,Not Necessary,Not Necessary,,$0.00 ,$605.83 ,N/A,$605.83 ,Submitted,,,,,,,,,,,,,,
FUN-00092,Picture Day 2014,1/14/2014,1/14/2014,Percentage of purchase,Completed,All Centers,?,5,Not Necessary,Not Necessary,,$0.00 ,$746.40 ,N/A,$746.40 ,Submitted,,,,,,,,,,,,,,
FUN-00093,Picture Day 2015,2/6/2015,2/6/2015,Percentage of purchase,Completed,All Centers,?,5,Not Necessary,Not Necessary,,$0.00 ,$721.95 ,N/A,$721.95 ,Submitted,,,,,,,,,,,,,,
FUN-00094,Picture Day 2016,2/2/2016,2/2/2016,Percentage of purchase,Completed,All Centers,?,6,Not Necessary,Not Necessary,,$0.00 ,$931.55 ,N/A,$931.55 ,Submitted,,,,,,,,,,,,,,
FUN-00095,Picture Day 2017,1/31/2017,1/31/2017,Percentage of purchase,Completed,All Centers,?,10,Not Necessary,Not Necessary,,$0.00 ,"$1,303.39 ",N/A,"$1,303.39 ",Submitted,,,,,,,,,,,,,,
FUN-00096,Picture Day 2018,5/24/2018,5/24/2018,Percentage of purchase,Completed,All Centers,?,5,Not Necessary,Not Necessary,,$0.00 ,$886.43 ,N/A,$886.43 ,Submitted,,,,,,,,,,,,,,
FUN-00097,Picture Day 2019,4/13/2019,4/13/2019,Percentage of purchase,Completed,All Centers,?,7,Not Necessary,Not Necessary,,$0.00 ,"$1,359.14 ",N/A,"$1,359.14 ",Submitted,,,,,,,,,,,,,,
FUN-00098,Picture Day 2021,11/30/2021,11/30/2021,Percentage of purchase,Completed,All Centers,?,1,Not Necessary,Not Necessary,,$268.00 ,$144.52 ,N/A,($123.48),Unknown,,,,,,,,,,,,,,
FUN-00099,Picture Day 2022,1/5/2022,1/5/2022,Percentage of purchase,Completed,All Centers,?,6,Not Necessary,Not Necessary,,$0.00 ,$994.75 ,N/A,$994.75 ,Unknown,,,,,,,,,,,,,,
FUN-00100,Picture Day 2024,6/20/2024,6/20/2024,Percentage of purchase,Completed,All Centers,?,3,Not Necessary,Not Necessary,,$0.00 ,$450.85 ,N/A,$450.85 ,Unknown,,,,,,,,,,,,,,
FUN-00101,Pictures Fundraiser,10/6/2009,10/16/2009,Percentage of purchase,Completed,LCV,?,2,Not Necessary,Not Necessary,,$0.00 ,$42.00 ,N/A,$42.00 ,Submitted,,,,,,,,,,,,,,
FUN-00102,Pinkberry Fundraiser,10/28/2013,10/28/2013,Percentage of purchase,Completed,JP,?,1,Not Necessary,Not Necessary,,$0.00 ,$82.39 ,N/A,$82.39 ,Submitted,,,,,,,,,,,,,,
FUN-00103,Pool Party 2008,6/25/2008,6/30/2008,Direct Donation,Completed,LCV,?,2,Not Necessary,Unknown,,$0.00 ,"$1,499.00 ",N/A,"$1,499.00 ",Submitted,,,,,,,,,,,,,,
FUN-00104,Pool Party 2009,6/26/2009,6/26/2009,Direct Donation,Completed,LCV,?,1,Not Necessary,Unknown,,$0.00 ,"$1,085.97 ",N/A,"$1,085.97 ",Submitted,,,,,,,,,,,,,,
FUN-00105,Pool Party 2010,7/22/2010,8/5/2010,Direct Donation,Completed,LCV,?,2,Not Necessary,Unknown,,$0.00 ,$541.62 ,N/A,$541.62 ,Submitted,,,,,,,,,,,,,,
FUN-00106,Pool Party 2012,6/29/2012,6/30/2012,Direct Donation,Completed,LCV,?,3,Not Necessary,Unknown,,$89.59 ,"$1,207.00 ",N/A,"$1,117.41 ",Submitted,,,,,,,,,,,,,,
FUN-00107,Pool Party 2014,7/22/2014,7/22/2014,Direct Donation,Completed,LCV,?,2,Not Necessary,Unknown,,$0.00 ,$758.05 ,N/A,$758.05 ,Submitted,,,,,,,,,,,,,,
FUN-00108,Pool Party 2015,6/22/2015,6/22/2015,Direct Donation,Completed,LCV,?,1,Not Necessary,Unknown,,$0.00 ,$322.00 ,N/A,$322.00 ,Submitted,,,,,,,,,,,,,,
FUN-00109,Preencoded Deposit,4/26/2024,4/26/2024,Direct Donation,Completed,Corporate,?,1,Not Necessary,Unknown,,$0.00 ,$471.05 ,N/A,$471.05 ,Unknown,,,,,,,,,,,,,,
FUN-00110,Raffle,1/6/2010,1/6/2010,Sale,Completed,All Centers,?,2,Not Necessary,Unknown,,$0.00 ,$108.00 ,N/A,$108.00 ,Submitted,,,,,,,,,,,,,,
FUN-00111,Ralph's Fundraiser,4/4/2013,4/8/2024,Percentage of purchase,Completed,Corporate,?,14,Not Necessary,Not Necessary,,$0.00 ,$699.78 ,N/A,$699.78 ,Submitted,,,,,,,,,,,,,,
FUN-00112,Rummage Sale 2010,6/4/2010,6/4/2010,Sale,Completed,LCV,?,1,Not Necessary,Unknown,,$161.91 ,$362.35 ,N/A,$200.44 ,Submitted,,,,,,,,,,,,,,
FUN-00113,Rummage Sale 2012,5/4/2012,5/4/2012,Sale,Completed,LCV,?,1,Not Necessary,Unknown,,$0.00 ,$374.50 ,N/A,$374.50 ,Submitted,,,,,,,,,,,,,,
FUN-00114,Rummage Sale 2013,6/28/2013,6/28/2013,Sale,Completed,LCV,?,1,Not Necessary,Unknown,,$0.00 ,$65.00 ,N/A,$65.00 ,Submitted,,,,,,,,,,,,,,
FUN-00115,Rummage Sale 2016,11/30/2016,11/30/2016,Sale,Completed,LCV,?,1,Not Necessary,Unknown,,$0.00 ,$255.00 ,N/A,$255.00 ,Submitted,,,,,,,,,,,,,,
FUN-00116,Rummage Sale 2019,5/2/2019,5/2/2019,Sale,Completed,LCV,?,1,Not Necessary,Unknown,,$0.00 ,$306.00 ,N/A,$306.00 ,Submitted,,,,,,,,,,,,,,
FUN-00117,Scholastic Book Fair,9/30/2020,,Book Fair,Completed,JP,?,1,Not Necessary,Unknown,,"$1,043.12 ",$444.80 ,N/A,($598.32),Submitted,,,,,,,,,,,,,,
FUN-00118,Shakey's Fundraiser,10/3/2012,10/3/2012,Percentage of purchase,Completed,JP,?,1,Not Necessary,Not Necessary,,$0.00 ,$110.92 ,N/A,$110.92 ,Submitted,,,,,,,,,,,,,,
FUN-00119,Silent Auction 2008,4/9/2008,4/9/2008,Sale,Completed,JP,?,4,Not Necessary,Unknown,,$79.50 ,"$1,476.00 ",N/A,"$1,396.50 ",Submitted,,,,,,,,,,,,,,
FUN-00120,Silent Auction 2009,6/30/2009,6/30/2009,Sale,Completed,JP,?,1,Not Necessary,Unknown,,$0.00 ,$17.00 ,N/A,$17.00 ,Submitted,,,,,,,,,,,,,,
FUN-00121,Silent Auction 2012,4/24/2012,4/24/2012,Sale,Completed,JP,?,3,Not Necessary,Unknown,,$441.41 ,"$4,752.00 ",N/A,"$4,310.59 ",Submitted,,,,,,,,,,,,,,
FUN-00122,Smart Circle Fundraiser,6/15/2010,4/18/2012,Direct Donation,Completed,JP,?,4,Not Necessary,Unknown,,$183.54 ,"$1,136.64 ",N/A,$953.10 ,Submitted,,,,,,,,,,,,,,
FUN-00123,Sports Marketing Fundraiser,11/1/2012,11/1/2012,Direct Donation,Completed,JP,?,1,Not Necessary,Unknown,,$0.00 ,$67.24 ,N/A,$67.24 ,Submitted,,,,,,,,,,,,,,
FUN-00124,Summer Sale,8/5/2010,8/5/2010,Direct Donation,Completed,JP,?,1,Not Necessary,Unknown,,$0.00 ,$14.40 ,N/A,$14.40 ,Submitted,,,,,,,,,,,,,,
FUN-00125,Sun & Fun Family Picnic 2019,7/11/2019,7/11/2019,Park Gathering,Completed,Corporate,?,25,Not Necessary,Unknown,,$0.00 ,"$13,796.42 ",Delivered,"$13,796.42 ",Submitted,,,,,,,,,,,,,,
FUN-00126,Sun & Fun Inaugural Family Picnic 2018,8/4/2018,8/4/2018,Park Gathering,Completed,Corporate,?,13,Not Necessary,Unknown,,$0.00 ,"$10,254.68 ",N/A,"$10,254.68 ",Submitted,,,,,,,,,,,,,,
FUN-00128,Teacher Appreciation,7/13/2005,11/5/2019,Direct Donation,Completed,All Centers,?,24,Not Necessary,Unknown,,"$1,899.18 ","$5,941.03 ",N/A,"$4,041.85 ",Submitted,,,,,,,,,,,,,,
FUN-00129,The Joy of Giving 2013,9/6/2013,11/27/2013,Direct Donation,Completed,JP,?,8,Not Necessary,Unknown,,$74.22 ,"$1,800.00 ",N/A,"$1,725.78 ",Submitted,,,,,,,,,,,,,,
FUN-00130,The Joy of Giving 2014,4/2/2014,10/16/2014,Direct Donation,Completed,JP,?,11,Not Necessary,Unknown,,$92.63 ,"$3,000.00 ",N/A,"$2,907.37 ",Submitted,,,,,,,,,,,,,,
FUN-00131,The Joy of Giving 2015,7/30/2015,12/23/2015,Direct Donation,Completed,JP,?,7,Not Necessary,Unknown,,$0.00 ,"$2,200.00 ",N/A,"$2,200.00 ",Submitted,,,,,,,,,,,,,,
FUN-00132,The Joy of Giving 2016,9/1/2016,12/29/2016,Direct Donation,Completed,JP,?,7,Not Necessary,Unknown,,$0.00 ,"$3,025.00 ",N/A,"$3,025.00 ",Submitted,,,,,,,,,,,,,,
FUN-00133,The Joy of Giving 2017,9/28/2017,12/27/2017,Direct Donation,Completed,JP,?,7,Not Necessary,Unknown,,$0.00 ,"$1,225.00 ",N/A,"$1,225.00 ",Submitted,,,,,,,,,,,,,,
FUN-00134,The Joy of Giving 2018,2/16/2018,12/1/2018,Direct Donation,Completed,JP,?,10,Not Necessary,Unknown,,$0.00 ,"$2,650.00 ",N/A,"$2,650.00 ",Submitted,,,,,,,,,,,,,,
FUN-00135,Ticket Fundraiser,10/16/2009,11/13/2009,Sale,Completed,JP,?,2,Not Necessary,Unknown,,$0.00 ,"$1,320.00 ",N/A,"$1,320.00 ",Submitted,,,,,,,,,,,,,,
FUN-00136,Tote Bag Sale,7/18/2008,7/18/2008,Sale,Completed,LCV,?,1,Not Necessary,Unknown,,$0.00 ,$8.00 ,N/A,$8.00 ,Submitted,,,,,,,,,,,,,,
FUN-00137,Training and Staff Development; CAAEYC 2007,5/14/2007,5/14/2007,Direct Donation,Completed,All Centers,?,3,Not Necessary,Unknown,,$409.93 ,"$1,165.00 ",N/A,$755.07 ,Submitted,,,,,,,,,,,,,,
FUN-00138,Training and Staff Development; CAAEYC 2013,5/24/2013,5/24/2013,Direct Donation,Completed,All Centers,?,1,Not Necessary,Unknown,,$0.00 ,$117.50 ,N/A,$117.50 ,Submitted,,,,,,,,,,,,,,
FUN-00139,Training and Staff Development; CAAEYC 2020,1/15/2020,2/29/2020,Direct Donation,Completed,All Centers,?,85,Not Necessary,Unknown,,$0.00 ,"$8,126.00 ",N/A,"$8,126.00 ",Submitted,,,,,,,,,,,,,,
FUN-00127,T-Shirt Fundraiser,10/14/2005,10/24/2018,Sale,Completed,Corporate,?,52,Not Necessary,Unknown,,$990.68 ,"$3,217.56 ",N/A,"$2,226.88 ",Submitted,,,,,,,,,,,,,,
FUN-00140,Tupperware Fundraiser,4/16/2009,4/16/2009,Sale,Completed,HP,?,3,Not Necessary,Unknown,,$0.00 ,$958.40 ,N/A,$958.40 ,Submitted,,,,,,,,,,,,,,
FUN-00141,Two Milk Minimum 2012,10/22/2012,10/22/2012,Percentage of purchase,Completed,JP,?,1,Not Necessary,Not Necessary,,$120.00 ,$260.00 ,N/A,$140.00 ,Submitted,,,,,,,,,,,,,,
FUN-00142,Two Milk Minimum 2014,3/27/2014,3/27/2014,Percentage of purchase,Completed,JP,?,1,Not Necessary,Not Necessary,,$0.00 ,$435.00 ,N/A,$435.00 ,Submitted,,,,,,,,,,,,,,
FUN-00143,Two Milk Minimum 2015,11/9/2015,11/9/2015,Percentage of purchase,Completed,JP,?,1,Not Necessary,Not Necessary,,$0.00 ,$369.00 ,N/A,$369.00 ,Submitted,,,,,,,,,,,,,,
FUN-00144,Unprompted,7/6/2005,,Direct Donation,Ongoing,All Centers,?,154,Not Necessary,Unknown,,$0.00 ,"$60,634.97 ",N/A,"$60,820.42 ",Submitted,,,,,,,,,,,,,,
FUN-00145,Wrapping Paper Sale 2005,10/11/2005,10/11/2005,Sale,Completed,JP,?,1,Not Necessary,Unknown,,$0.00 ,"$4,430.50 ",N/A,"$4,430.50 ",Submitted,,,,,,,,,,,,,,
FUN-00146,Wrapping Paper Sale 2007,11/9/2007,11/9/2007,Sale,Completed,JP,?,1,Not Necessary,Unknown,,$0.00 ,"$3,519.00 ",N/A,"$3,519.00 ",Submitted,,,,,,,,,,,,,,
FUN-00147,Wrapping Paper Sale 2008,2/22/2008,2/22/2008,Sale,Completed,JP,?,1,Not Necessary,Unknown,,$0.00 ,$88.20 ,N/A,$88.20 ,Submitted,,,,,,,,,,,,,,
FUN-00148,Wrapping Paper Sale 2014,9/26/2014,10/28/2014,Sale,Completed,JP,?,2,Not Necessary,Unknown,,$0.00 ,"$1,058.25 ",N/A,"$1,058.25 ",Submitted,,,,,,,,,,,,,,
,,,,,,,,,,,,,,,,,,,,,,,,,,,,,,
