ChildID,Name,Birthdate,RateType,Enrolled,StartDate,EndDate,FamilyID,PrimaryPayerID,SecondaryPayerID
ChildA-1593,William Wagner,3/27/2008,City,Graduated,11/3/2009,3/26/2013,FID0001,FAM0004,FAM0004
ChildA-1747,Jacob Jones,1/2/2017,Community,Graduated,5/30/2020,7/22/2021,FID0003,FAM0014,FAM0014
ChildA-1849,Jessica Villa,8/19/1997,Community,Graduated,12/2/1999,8/18/2002,FID0005,FAM0022,FAM0022
ChildA-1308,Matthew Lang,2/8/2002,Community,Graduated,3/12/2003,2/7/2007,FID0006,FAM0024,FAM0024
ChildA-1236,Regina Johnson,12/7/2006,Community,Graduated,5/18/2007,12/6/2011,FID0007,FAM0030,FAM0030
ChildA-1208,Jose Gomez,12/1/2009,City,Graduated,12/26/2013,11/30/2014,FID0008,FAM0034,FAM0034
ChildA-1403,Lauren Evans,9/11/2006,City,Graduated,11/29/2010,9/10/2011,FID0009,FAM0045,FAM0045
ChildA-1591,Richard Hicks,3/26/2013,City,Graduated,2/10/2015,3/25/2018,FID0010,FAM0047,FAM0047
ChildA-1840,Walter Sanchez,1/14/2012,City,Graduated,1/30/2015,1/12/2017,FID0011,FAM0053,FAM0053
ChildA-2331,Alejandra Caldwell,5/29/2017,City,Removed,1/26/2019,8/9/2020,FID0012,FAM0055,FAM0055
ChildA-1059,Robert Baker,1/30/2017,City,Graduated,6/11/2019,1/26/2021,FID0013,FAM0059,FAM0059
ChildA-1483,Carrie Giles,6/24/2009,Community,Graduated,5/30/2012,6/23/2014,FID0014,FAM0063,FAM0063
ChildA-1805,Gwendolyn Le,3/25/2004,Federal,Graduated,11/14/2007,3/24/2009,FID0015,FAM0065,FAM0065
ChildA-1334,Julie Richardson,6/7/2017,City,Graduated,7/22/2021,6/6/2022,FID0016,FAM0067,FAM0067
ChildA-1010,Donald Hicks,10/28/2020,Community,Enrolled,1/17/2025,,FID0017,FAM0069,FAM0069
ChildA-2165,Billy Hernandez,7/26/2010,City,Graduated,3/31/2015,7/25/2015,FID0018,FAM0073,FAM0073
ChildA-1472,Lisa Smith,12/8/2019,Community,Graduated,10/4/2023,3/20/2024,FID0019,FAM0075,FAM0075
ChildA-1657,Nicholas Donaldson,7/15/2006,Community,Graduated,10/14/2010,7/14/2011,FID0020,FAM0077,FAM0077
ChildA-1602,Julie Smith,3/27/2000,Federal,Graduated,1/14/2004,3/26/2005,FID0021,FAM0080,FAM0080
ChildA-1037,Edward Conner,10/1/2010,Federal,Graduated,4/10/2012,9/30/2015,FID0022,FAM0082,FAM0082
ChildA-1406,Diane Cobb,3/14/1998,Community,Graduated,4/1/2000,3/13/2003,FID0023,FAM0084,FAM0084
ChildA-1276,Gerald Dixon,7/4/2021,Community,Enrolled,11/12/2023,,FID0024,FAM0093,FAM0093
ChildA-1466,Jeffrey Garcia,10/17/2022,Community,Enrolled,4/5/2024,,FID0025,FAM0095,FAM0095
ChildA-1369,Edward Downs,12/22/2008,City,Graduated,8/12/2010,12/21/2013,FID0026,FAM0101,FAM0101
ChildA-1151,Denise Strong,5/19/2014,Community,Graduated,1/22/2018,5/18/2019,FID0027,FAM0110,FAM0110
ChildA-1729,Linda Mueller,2/18/2017,City,Graduated,3/6/2021,2/17/2022,FID0028,FAM0116,FAM0116
ChildA-2057,Mark Castro,4/8/2012,City,Graduated,12/23/2016,4/7/2017,FID0029,FAM0118,FAM0118
ChildA-1912,Sara Ellis,6/26/1995,Community,Graduated,10/8/1999,6/24/2000,FID0030,FAM0131,FAM0131
ChildA-1870,Billy Reynolds,3/24/2007,Community,Graduated,2/7/2012,3/22/2012,FID0031,FAM0133,FAM0133
ChildA-1340,Jennifer Kim,7/31/2005,Community,Graduated,12/6/2007,7/30/2010,FID0032,FAM0135,FAM0135
ChildA-2130,Julia Walker,3/10/2016,City,Graduated,12/26/2016,3/9/2021,FID0033,FAM0139,FAM0139
ChildA-2183,Kenneth Cole,6/11/2021,Community,Enrolled,8/10/2024,,FID0034,FAM0146,FAM0146
ChildA-1293,Javier Travis,8/18/2016,City,Graduated,1/23/2021,8/17/2021,FID0035,FAM0148,FAM0148
ChildA-1018,Amy Reilly,10/5/2015,Community,Graduated,3/14/2018,10/3/2020,FID0036,FAM0152,FAM0152
ChildA-1266,Shari Herrera,4/8/1996,Community,Graduated,8/9/1998,4/7/2001,FID0037,FAM0157,FAM0157
ChildA-1631,Stacey Morrow,11/13/2003,Federal,Graduated,5/25/2007,11/11/2008,FID0038,FAM0159,FAM0159
ChildA-1609,Walter Palmer,6/21/2016,City,Graduated,8/26/2018,6/20/2021,FID0039,FAM0173,FAM0173
ChildA-1520,Kayla Miller,8/27/2023,Community,Enrolled,12/10/2023,,FID0040,FAM0175,FAM0175
ChildA-1642,Stacy Reyes,10/7/2000,Community,Graduated,10/14/2004,10/6/2005,FID0041,FAM0177,FAM0177
ChildA-2270,Brenda Parker,3/31/2021,Community,Enrolled,10/27/2024,,FID0042,FAM0179,FAM0179
ChildA-1802,Gina Ponce,12/10/1997,Community,Graduated,6/10/1999,12/9/2002,FID0043,FAM0181,FAM0181
ChildA-2174,William Beck,1/31/2020,City,Graduated,12/26/2021,1/29/2025,FID0044,FAM0188,FAM0188
ChildA-1026,Amanda French,6/10/2017,Community,Graduated,12/8/2019,6/9/2022,FID0045,FAM0190,FAM0190
ChildA-1885,John Dorsey,8/15/2011,City,Graduated,7/11/2016,8/13/2016,FID0045,FAM0197,FAM0197
ChildA-1885,Denise Frank,1/20/2016,City,Graduated,3/22/2018,1/18/2021,FID0046,FAM0197,FAM0197
ChildA-1656,Heather Morris,5/25/2022,Community,Enrolled,3/11/2024,,FID0047,FAM0200,FAM0200
ChildA-1700,Richard Warren,3/10/2016,City,Graduated,11/22/2018,3/9/2021,FID0048,FAM0204,FAM0204
ChildA-2132,Tiffany Mitchell,9/5/2011,City,Graduated,8/9/2013,9/3/2016,FID0048,FAM0206,FAM0206
ChildA-2132,Jennifer Cox,11/25/2020,Community,Graduated,1/26/2023,8/31/2024,FID0049,FAM0206,FAM0206
ChildA-1469,Angela Chapman,3/19/2020,Community,Graduated,2/20/2024,3/18/2025,FID0049,FAM0210,FAM0210
ChildA-1469,Christopher Johnson,4/2/2021,Community,Graduated,5/25/2024,6/29/2024,FID0050,FAM0210,FAM0210
ChildA-1461,Stacy Willis,5/11/2001,Community,Graduated,5/5/2006,5/10/2006,FID0051,FAM0215,FAM0215
ChildA-1461,Samuel Wilson,7/8/2011,Community,Graduated,5/15/2014,7/6/2016,FID0050,FAM0215,FAM0215
ChildA-1629,John Perkins,3/10/2017,City,Graduated,7/12/2020,3/9/2022,FID0052,FAM0217,FAM0217
ChildA-1629,Andrew Fitzgerald,3/30/2016,City,Graduated,8/22/2020,3/29/2021,FID0051,FAM0217,FAM0217
ChildA-1718,Cathy Warner,6/20/2006,Community,Graduated,3/13/2007,6/19/2011,FID0052,FAM0219,FAM0219
ChildA-1718,Samantha Adams,6/24/2013,Community,Graduated,10/8/2013,6/23/2018,FID0053,FAM0219,FAM0219
ChildA-2163,Ross Davis,6/24/2011,City,Graduated,2/11/2014,6/22/2016,FID0053,FAM0225,FAM0225
ChildA-2163,Cassidy Alexander,5/24/2013,City,Removed,11/29/2015,12/8/2016,FID0054,FAM0225,FAM0225
ChildA-1968,Megan Horn,8/10/2010,City,Graduated,12/27/2014,8/9/2015,FID0055,FAM0234,FAM0234
ChildA-1968,Donna Hart,11/13/2015,City,Graduated,10/19/2019,11/11/2020,FID0054,FAM0234,FAM0234
ChildA-1025,Victoria Myers,9/16/2000,Community,Graduated,8/4/2002,9/15/2005,FID0055,FAM0247,FAM0247
ChildA-1025,Brian Williams,10/24/2012,Community,Graduated,10/6/2014,10/23/2017,FID0056,FAM0247,FAM0247
ChildA-1045,Michael Patterson,8/14/2010,City,Graduated,4/9/2013,8/13/2015,FID0057,FAM0251,FAM0251
ChildA-1669,Ryan Hall,7/30/2019,City,Graduated,1/9/2021,7/5/2023,FID0058,FAM0254,FAM0254
ChildA-1754,Douglas Smith,9/25/1995,Community,Graduated,1/16/1998,9/23/2000,FID0059,FAM0256,FAM0256
ChildA-1209,Cynthia Clark,1/26/2013,City,Graduated,4/6/2017,1/25/2018,FID0060,FAM0264,FAM0264
ChildA-1199,Daniel Jones,11/7/2011,Community,Graduated,6/12/2016,11/5/2016,FID0061,FAM0267,FAM0267
ChildA-1939,Matthew Campbell,4/30/2013,City,Graduated,1/21/2018,4/29/2018,FID0062,FAM0272,FAM0272
ChildA-1402,Jeffrey Hayes,7/27/2009,City,Graduated,12/2/2010,7/26/2014,FID0063,FAM0274,FAM0274
ChildA-1760,Jennifer James,8/12/2011,Community,Graduated,12/3/2014,8/10/2016,FID0064,FAM0277,FAM0277
ChildA-1064,Mark Fleming,6/2/1998,Community,Graduated,9/13/1998,6/1/2003,FID0065,FAM0280,FAM0280
ChildA-1957,Brian Harris,4/8/2015,City,Graduated,4/10/2019,4/6/2020,FID0066,FAM0282,FAM0282
ChildA-1473,William Cox,4/17/2020,Community,Graduated,1/14/2025,4/16/2025,FID0067,FAM0284,FAM0284
ChildA-2025,Valerie Butler,8/21/2017,Community,Graduated,6/19/2021,8/20/2022,FID0068,FAM0297,FAM0297
ChildA-1744,Allen Arellano,2/2/2019,City,Graduated,7/14/2021,2/1/2024,FID0069,FAM0299,FAM0299
ChildA-1399,Christopher Marshall,5/28/2007,Community,Graduated,12/15/2008,5/26/2012,FID0070,FAM0303,FAM0303
ChildA-1230,Brett Moran,6/4/2023,Community,Graduated,6/14/2024,9/26/2024,FID0071,FAM0305,FAM0305
ChildA-1528,Michelle Andrade,3/17/2007,City,Graduated,3/11/2012,3/15/2012,FID0072,FAM0307,FAM0307
ChildA-1311,John Garcia,12/14/2022,Community,Enrolled,8/26/2024,,FID0073,FAM0311,FAM0311
ChildA-1331,Brian Warner,3/20/2008,City,Graduated,3/28/2012,3/19/2013,FID0074,FAM0313,FAM0313
ChildA-1752,Emily Ford,12/1/2003,Community,Graduated,8/18/2007,11/29/2008,FID0075,FAM0315,FAM0315
ChildA-1752,Daniel Drake,1/9/2009,City,Graduated,1/8/2010,1/8/2014,FID0075,FAM0315,FAM0315
ChildA-2117,Anna Horton,10/2/2015,Community,Graduated,11/16/2017,9/30/2020,FID0007,FAM0320,FAM0320
ChildA-2117,Kirk Reed,6/27/2015,Community,Graduated,4/19/2019,6/25/2020,FID0076,FAM0320,FAM0320
ChildA-1339,Wendy Morris,10/29/2008,City,Graduated,10/14/2010,10/28/2013,FID0077,FAM0322,FAM0322
ChildA-1339,Sean Williams,3/27/2011,Community,Graduated,5/15/2015,3/25/2016,FID0007,FAM0322,FAM0322
ChildA-1529,Erik Davis,3/1/2015,Community,Graduated,2/4/2019,2/28/2020,FID0078,FAM0331,FAM0331
ChildA-1523,Michael Williams,4/4/2020,Community,Graduated,8/19/2024,11/26/2024,FID0079,FAM0333,FAM0333
ChildA-1498,Jeremy Torres,2/18/2015,City,Removed,9/21/2017,6/28/2018,FID0080,FAM0335,FAM0335
ChildA-1358,Michael Jimenez,12/23/2012,City,Graduated,8/6/2015,12/22/2017,FID0081,FAM0347,FAM0347
ChildA-2255,Donald Doyle,7/4/2018,City,Graduated,10/6/2021,7/3/2023,FID0082,FAM0349,FAM0349
ChildA-1823,Adam King,3/27/2016,Community,Graduated,8/14/2020,3/26/2021,FID0083,FAM0354,FAM0354
ChildA-1206,Angela Wilson,5/18/2019,Community,Graduated,10/9/2020,5/16/2024,FID0084,FAM0357,FAM0357
ChildA-1220,Lisa Gay,10/26/2007,Community,Graduated,6/1/2010,10/24/2012,FID0085,FAM0359,FAM0359
ChildA-1423,Brittany Peterson,6/26/2012,Community,Graduated,1/24/2013,6/25/2017,FID0086,FAM0368,FAM0368
ChildA-1753,Lori Turner,7/16/2013,Community,Graduated,7/12/2016,7/15/2018,FID0087,FAM0370,FAM0370
ChildA-1648,Vanessa Berry,8/3/2011,Community,Graduated,5/27/2013,8/1/2016,FID0088,FAM0373,FAM0373
ChildA-1550,Timothy Martinez,4/30/2013,City,Graduated,5/4/2015,4/29/2018,FID0089,FAM0376,FAM0376
ChildA-1146,Hannah Barnett,9/27/2004,Community,Graduated,4/14/2006,9/26/2009,FID0090,FAM0378,FAM0378
ChildA-1487,Bradley Wallace,4/15/2015,Community,Graduated,6/18/2019,4/13/2020,FID0091,FAM0383,FAM0383
ChildA-1502,Blake Palmer,3/7/2011,City,Graduated,7/8/2012,3/5/2016,FID0093,FAM0389,FAM0389
ChildA-1292,Anna Flores,9/28/1998,Community,Graduated,3/7/2003,9/27/2003,FID0094,FAM0392,FAM0392
ChildA-1270,Jennifer Carr,7/8/2014,City,Graduated,6/4/2018,7/7/2019,FID0095,FAM0396,FAM0396
ChildA-1467,Monica Romero,12/12/2011,City,Graduated,12/13/2014,12/10/2016,FID0096,FAM0405,FAM0405
ChildA-1420,William Chase,6/17/2003,Federal,Graduated,2/12/2004,6/15/2008,FID0097,FAM0409,FAM0409
ChildA-1645,Heather Palmer,7/25/2020,Community,Graduated,1/7/2024,8/25/2024,FID0098,FAM0412,FAM0412
ChildA-1598,Jeffrey Davis,3/9/2017,Community,Graduated,12/19/2017,3/8/2022,FID0099,FAM0415,FAM0415
ChildA-1917,Jennifer Carr,4/29/2014,City,Removed,7/5/2015,6/27/2017,FID0100,FAM0422,FAM0422
ChildA-1091,Lisa Vasquez,2/26/2015,Community,Graduated,12/22/2018,2/25/2020,FID0101,FAM0424,FAM0424
ChildA-1425,Susan Bailey,6/27/2018,City,Graduated,3/12/2023,6/26/2023,FID0102,FAM0426,FAM0426
ChildA-1327,Destiny Johnson,12/14/2012,Community,Graduated,7/8/2016,12/13/2017,FID0103,FAM0428,FAM0428
ChildA-1194,Timothy Gordon,1/10/2020,Federal,Graduated,5/27/2022,9/25/2024,FID0104,FAM0435,FAM0435
ChildA-2022,Kelly Russo,2/13/2001,Community,Graduated,10/21/2003,2/12/2006,FID0105,FAM0445,FAM0445
ChildA-1271,Tristan Petersen,3/8/2007,Community,Graduated,1/23/2009,3/6/2012,FID0106,FAM0447,FAM0447
ChildA-1046,Cody Kim,1/22/2010,Community,Graduated,11/5/2011,1/21/2015,FID0107,FAM0453,FAM0453
ChildA-1304,Barbara Acosta,4/30/2014,Community,Graduated,5/4/2016,4/29/2019,FID0108,FAM0457,FAM0457
ChildA-2052,Andrew Delgado,3/1/2015,Community,Graduated,1/27/2020,2/28/2020,FID0109,FAM0464,FAM0464
ChildA-1482,Mike Reeves,11/18/2014,Community,Graduated,8/31/2017,11/17/2019,FID0110,FAM0468,FAM0468
ChildA-1004,Gary Arnold,12/14/2003,Community,Graduated,8/12/2004,12/12/2008,FID0111,FAM0472,FAM0472
ChildA-1195,Brian Mendez,8/2/1997,Community,Graduated,3/16/2002,8/1/2002,FID0112,FAM0478,FAM0478
ChildA-1883,Michelle Singh,11/13/2009,Community,Graduated,12/26/2010,11/12/2014,FID0113,FAM0480,FAM0480
ChildA-1740,Paul Brooks,6/26/2001,Community,Graduated,4/1/2004,6/25/2006,FID0114,FAM0483,FAM0483
ChildA-1180,Molly Thornton,3/26/2004,Federal,Removed,7/2/2006,8/6/2008,FID0115,FAM0487,FAM0487
ChildA-1180,Laurie Boyle,11/5/2013,City,Graduated,1/13/2015,11/4/2018,FID0115,FAM0487,FAM0487
ChildA-2296,Abigail Jones,8/16/2005,City,Graduated,3/15/2010,8/15/2010,FID0116,FAM0489,FAM0489
ChildA-1118,Michelle Wright,2/18/2016,City,Removed,1/4/2017,11/19/2017,FID0117,FAM0491,FAM0491
ChildA-1197,Ryan Haynes,5/3/2018,City,Graduated,8/17/2021,5/2/2023,FID0118,FAM0494,FAM0494
ChildA-1443,Tracy King,1/22/2005,Community,Graduated,8/2/2007,1/21/2010,FID0119,FAM0502,FAM0502
ChildA-1750,Tracy Sanchez,8/6/2002,Community,Graduated,11/6/2004,8/5/2007,FID0120,FAM0506,FAM0506
ChildA-1200,Mallory Davis,1/4/2019,Community,Graduated,12/25/2020,1/3/2024,FID0121,FAM0509,FAM0509
ChildA-1671,Destiny Harmon,9/6/2021,City,Enrolled,2/25/2023,,FID0123,FAM0517,FAM0517
ChildA-1221,Joshua Dawson,5/13/2014,Community,Graduated,4/13/2015,5/12/2019,FID0124,FAM0520,FAM0520
ChildA-1160,Tyler Mitchell,8/21/2014,Community,Graduated,5/30/2019,8/20/2019,FID0123,FAM0530,FAM0530
ChildA-1181,John Williams,11/7/2021,Federal,Enrolled,10/29/2023,,FID0124,FAM0532,FAM0532
ChildA-1373,Charles Noble,12/4/1999,Community,Graduated,2/14/2004,12/2/2004,FID0125,FAM0536,FAM0536
ChildA-1333,Jean Roach,2/19/2010,City,Graduated,1/13/2015,2/18/2015,FID0126,FAM0538,FAM0538
ChildA-1217,Brent Smith,6/14/2008,Community,Graduated,5/20/2013,6/13/2013,FID0128,FAM0542,FAM0542
ChildA-1153,Dave Yates,7/14/2016,Community,Graduated,4/16/2017,7/13/2021,FID0129,FAM0545,FAM0545
ChildA-1677,Frederick Pitts,2/6/2017,City,Graduated,12/4/2021,2/5/2022,FID0130,FAM0548,FAM0548
ChildA-1051,Debra Gardner,8/24/2021,City,Removed,7/20/2022,5/11/2023,FID0131,FAM0550,FAM0550
ChildA-1786,Michelle Kennedy,12/8/2014,Community,Graduated,3/5/2017,12/7/2019,FID0133,FAM0554,FAM0554
ChildA-2401,Jessica Crane,6/29/2016,Federal,Graduated,10/15/2017,6/28/2021,FID0135,FAM0568,FAM0568
ChildA-1368,Amanda Garcia,12/16/2000,Community,Graduated,6/24/2001,12/15/2005,FID0136,FAM0570,FAM0570
ChildA-2245,Angela Adams,7/16/1993,Community,Graduated,5/20/1998,7/15/1998,FID0137,FAM0574,FAM0574
ChildA-2053,Julia Reid,3/9/2019,City,Graduated,11/19/2022,3/7/2024,FID0138,FAM0577,FAM0577
ChildA-1053,Brett Rose,12/19/2014,City,Graduated,5/15/2016,12/18/2019,FID0139,FAM0586,FAM0586
ChildA-1396,Danielle Torres,3/24/2008,City,Graduated,6/17/2011,3/23/2013,FID0140,FAM0589,FAM0589
ChildA-1191,Sarah Scott,7/8/2014,Community,Graduated,1/11/2017,7/7/2019,FID0141,FAM0591,FAM0591
ChildA-1216,Hunter Turner,6/1/2001,Federal,Graduated,10/9/2004,5/31/2006,FID0142,FAM0593,FAM0593
ChildA-2037,Daniel Cordova,3/30/2008,Community,Graduated,9/7/2012,3/29/2013,FID0143,FAM0595,FAM0595
ChildA-1905,Jennifer Fritz,5/19/2019,Community,Graduated,2/26/2020,5/17/2024,FID0144,FAM0604,FAM0604
ChildA-1154,Keith Green,12/3/2004,Community,Graduated,9/4/2009,12/2/2009,FID0145,FAM0616,FAM0616
ChildA-1082,April Gonzalez,9/27/2011,Community,Graduated,1/19/2012,9/25/2016,FID0146,FAM0618,FAM0618
ChildA-1085,Jessica Crawford,8/19/1993,Community,Graduated,4/4/1998,8/18/1998,FID0147,FAM0621,FAM0621
ChildA-1355,Nathan Tucker,4/3/2014,City,Graduated,4/24/2016,4/2/2019,FID0148,FAM0625,FAM0625
ChildA-1843,Jennifer Moore,2/5/2016,Community,Graduated,3/10/2020,2/3/2021,FID0150,FAM0645,FAM0645
ChildA-1388,Jordan Brown,6/18/2002,Community,Graduated,12/29/2005,6/17/2007,FID0151,FAM0656,FAM0656
ChildA-1832,Ashley Rogers,7/14/2009,Community,Graduated,5/3/2014,7/13/2014,FID0152,FAM0659,FAM0659
ChildA-1531,Keith Rhodes,10/30/2008,Community,Graduated,6/9/2009,10/29/2013,FID0153,FAM0664,FAM0664
ChildA-1183,Samantha Burns,6/21/2016,Community,Graduated,5/3/2020,6/20/2021,FID0154,FAM0669,FAM0669
ChildA-1087,Christian Davis,10/26/2011,Community,Graduated,10/13/2012,10/24/2016,FID0155,FAM0671,FAM0671
ChildA-1032,Corey Martin,6/3/2018,Federal,Graduated,3/3/2019,6/2/2023,FID0156,FAM0676,FAM0676
ChildA-1103,Gregory Cannon,3/13/2010,Community,Graduated,3/12/2015,3/12/2015,FID0157,FAM0678,FAM0678
ChildA-1148,Robin Schmitt,1/26/2020,Community,Graduated,7/21/2020,1/24/2025,FID0158,FAM0680,FAM0680
ChildA-1655,Joseph Romero,2/6/2016,Community,Graduated,4/15/2017,2/4/2021,FID0159,FAM0686,FAM0686
ChildA-1156,Maria Hernandez,8/28/2016,Community,Graduated,7/5/2021,8/27/2021,FID0160,FAM0688,FAM0688
ChildA-1927,Brenda Maldonado,4/5/2017,Community,Graduated,9/2/2017,4/4/2022,FID0161,FAM0690,FAM0690
ChildA-1071,Brenda Davis,4/3/2013,City,Removed,12/31/2014,6/22/2015,FID0162,FAM0692,FAM0692
ChildA-1789,Pam Camacho,11/9/2002,Community,Graduated,6/29/2005,11/8/2007,FID0163,FAM0694,FAM0694
ChildA-1943,Wanda Erickson,12/16/2009,City,Graduated,5/30/2014,12/15/2014,FID0164,FAM0698,FAM0698
ChildA-1173,Daniel Moore,3/19/2020,Community,Graduated,6/16/2024,9/10/2024,FID0165,FAM0700,FAM0700
ChildA-2038,Amber Cooper,4/15/2010,City,Graduated,3/18/2014,4/14/2015,FID0166,FAM0705,FAM0705
ChildA-1452,Molly Valencia,12/4/2012,Community,Graduated,5/17/2014,12/3/2017,FID0167,FAM0709,FAM0709
ChildA-1007,James Guerra,12/27/2021,City,Enrolled,1/20/2023,,FID0168,FAM0711,FAM0711
ChildA-1301,Jamie Dennis,6/1/2002,Community,Graduated,3/25/2004,5/31/2007,FID0169,FAM0715,FAM0715
ChildA-1440,Samantha Burch,6/27/2011,Community,Graduated,7/25/2012,6/25/2016,FID0170,FAM0721,FAM0721
ChildA-1042,Jose Valentine,12/16/2010,Community,Graduated,9/4/2014,12/15/2015,FID0171,FAM0723,FAM0723
ChildA-1036,Joseph Ortiz,4/9/2009,City,Graduated,3/31/2014,4/8/2014,FID0172,FAM0725,FAM0725
ChildA-1797,Michelle Stephens,5/2/2002,Federal,Graduated,12/4/2005,5/1/2007,FID0173,FAM0727,FAM0727
ChildA-1316,Austin Molina,12/18/2015,Community,Graduated,11/11/2017,12/16/2020,FID0174,FAM0729,FAM0729
ChildA-1658,Paul Wilson,2/8/1999,Community,Graduated,6/9/2002,2/7/2004,FID0175,FAM0736,FAM0736
ChildA-1212,Samantha Gutierrez,5/8/2016,City,Graduated,11/1/2019,5/7/2021,FID0176,FAM0741,FAM0741
ChildA-1480,Diane Meyer,9/17/2019,Community,Graduated,6/12/2020,9/15/2024,FID0177,FAM0743,FAM0743
ChildA-1662,Lawrence Thomas,6/3/2009,Federal,Graduated,4/21/2011,6/2/2014,FID0178,FAM0748,FAM0748
ChildA-1662,James Robles,4/21/2011,City,Graduated,1/30/2014,4/19/2016,FID0178,FAM0748,FAM0748
ChildA-2169,Kathy Lester,7/17/2006,City,Graduated,9/4/2009,7/16/2011,FID0179,FAM0758,FAM0758
ChildA-1027,Ronald Camacho,9/13/2019,Community,Graduated,9/18/2020,9/11/2024,FID0180,FAM0760,FAM0760
ChildA-1211,Michelle Jones,6/25/2011,Community,Graduated,5/1/2015,6/23/2016,FID0181,FAM0765,FAM0765
ChildA-1572,Brittany Atkins,9/23/2010,Community,Graduated,7/5/2014,9/22/2015,FID0182,FAM0769,FAM0769
ChildA-1438,Patricia Green,5/6/2020,Federal,Removed,1/24/2021,12/30/2023,FID0183,FAM0775,FAM0775
ChildA-1799,Mary Bowman,9/19/2010,Federal,Graduated,11/30/2011,9/18/2015,FID0184,FAM0781,FAM0781
ChildA-1998,William Howard,10/18/2014,Community,Graduated,2/24/2015,10/17/2019,FID0185,FAM0789,FAM0789
ChildA-1268,Tony Castillo,1/10/2009,Community,Graduated,4/9/2013,1/9/2014,FID0186,FAM0797,FAM0797
ChildA-1633,Michael Yu,8/28/2005,Community,Graduated,12/15/2008,8/27/2010,FID0187,FAM0799,FAM0799
ChildA-1121,Steven Huerta,9/14/2007,Community,Graduated,2/13/2011,9/12/2012,FID0188,FAM0801,FAM0801
ChildA-1279,Connor Black,7/7/2014,Community,Graduated,12/8/2016,7/6/2019,FID0189,FAM0804,FAM0804
ChildA-1554,Justin Anthony,9/5/2021,Community,Removed,1/26/2022,5/31/2022,FID0190,FAM0806,FAM0806
ChildA-1083,Natasha Wilson,5/3/2003,Community,Graduated,10/22/2004,5/1/2008,FID0191,FAM0809,FAM0809
ChildA-1193,Jody Smith,11/24/2013,Community,Graduated,9/9/2018,11/23/2018,FID0192,FAM0818,FAM0818
ChildA-1057,Amanda Henderson,4/10/2015,City,Graduated,11/10/2019,4/8/2020,FID0194,FAM0828,FAM0828
ChildA-2065,Paula Bowers,5/8/2020,Community,Enrolled,12/30/2024,,FID0195,FAM0831,FAM0831
ChildA-1439,Sean Mason,10/28/2016,Community,Graduated,8/9/2021,10/27/2021,FID0196,FAM0833,FAM0833
ChildA-1417,David Martin,6/8/2009,Community,Graduated,9/8/2011,6/7/2014,FID0197,FAM0835,FAM0835
ChildA-2018,Paul Mosley,10/2/2010,Community,Graduated,11/22/2011,10/1/2015,FID0198,FAM0842,FAM0842
ChildA-1772,Daniel Butler,8/9/2022,Community,Graduated,7/13/2024,9/7/2024,FID0199,FAM0844,FAM0844
ChildA-1098,Cassie Fischer,2/6/2019,City,Graduated,1/26/2023,2/5/2024,FID0200,FAM0846,FAM0846
ChildA-1833,Antonio Parker,11/21/2014,Community,Graduated,2/17/2018,11/20/2019,FID0201,FAM0852,FAM0852
ChildA-1093,April Buchanan,10/19/2014,City,Removed,6/14/2017,7/28/2017,FID0202,FAM0858,FAM0858
ChildA-1683,Alexander Ross,12/21/2007,Community,Graduated,11/25/2011,12/19/2012,FID0203,FAM0860,FAM0860
ChildA-1147,James Morales,8/20/2007,Community,Graduated,9/9/2009,8/18/2012,FID0204,FAM0862,FAM0862
ChildA-1938,Joshua Bailey,8/27/2007,City,Graduated,2/20/2011,8/25/2012,FID0206,FAM0871,FAM0871
ChildA-2136,Christina Lowe,7/7/2004,Federal,Graduated,4/8/2006,7/6/2009,FID0207,FAM0878,FAM0878
ChildA-2021,Patrick Herrera,3/2/2003,Community,Graduated,5/27/2006,2/29/2008,FID0208,FAM0883,FAM0883
ChildA-1603,Elizabeth Walker,3/15/2018,City,Graduated,3/2/2021,3/14/2023,FID0209,FAM0887,FAM0887
ChildA-1587,Daniel Golden,11/6/2016,City,Graduated,8/26/2017,11/5/2021,FID0210,FAM0889,FAM0889
ChildA-1351,John Johnson,11/20/2014,Community,Graduated,5/12/2016,11/19/2019,FID0211,FAM0893,FAM0893
ChildA-1005,Ashley White,11/10/2010,Community,Graduated,12/3/2011,11/9/2015,FID0212,FAM0895,FAM0895
ChildA-1482,Erin Taylor,4/4/2005,Federal,Graduated,1/19/2007,4/3/2010,FID0212,FAM0897,FAM0897
ChildA-1482,Marie Parrish,5/25/2004,Federal,Graduated,1/11/2009,5/24/2009,FID0213,FAM0897,FAM0897
ChildA-1857,Heather Smith,9/25/2022,Community,Enrolled,1/2/2024,,FID0214,FAM0904,FAM0904
ChildA-1857,Kevin Rivas,6/19/2020,Community,Enrolled,11/12/2024,,FID0213,FAM0904,FAM0904
ChildA-1300,Jacqueline Hammond,8/18/2013,Community,Graduated,5/7/2018,8/17/2018,FID0214,FAM0911,FAM0911
ChildA-1300,Amanda Crawford,6/6/2014,Community,Graduated,5/19/2019,6/5/2019,FID0215,FAM0911,FAM0911
ChildA-1830,Daniel Walls,5/14/2007,City,Graduated,1/4/2010,5/12/2012,FID0216,FAM0916,FAM0916
ChildA-1830,Veronica Simpson,7/21/2016,Community,Graduated,9/7/2017,7/20/2021,FID0215,FAM0916,FAM0916
ChildA-1495,Tiffany Mason,1/6/2012,City,Graduated,11/27/2015,1/4/2017,FID0216,FAM0918,FAM0918
ChildA-1454,Randy Foster,7/12/2012,Community,Graduated,12/30/2014,7/11/2017,FID0218,FAM0920,FAM0920
ChildA-1454,Heather Olson,12/28/2021,City,Enrolled,9/12/2022,,FID0217,FAM0920,FAM0920
ChildA-1781,Larry Kelley,7/20/2007,City,Graduated,6/21/2011,7/18/2012,FID0218,FAM0922,FAM0922
ChildA-1781,Kathy Nelson,5/18/2014,City,Graduated,10/27/2015,5/17/2019,FID0219,FAM0922,FAM0922
ChildA-2307,Hector Baker,12/13/2005,City,Graduated,7/10/2009,12/12/2010,FID0219,FAM0926,FAM0926
ChildA-2307,Joshua Klein,4/13/2016,City,Graduated,1/9/2019,4/12/2021,FID0220,FAM0926,FAM0926
ChildA-1932,Elizabeth Fuentes,7/10/1999,Community,Graduated,11/27/2003,7/8/2004,FID0221,FAM0930,FAM0930
ChildA-1932,Robert Morgan,1/7/2015,Community,Graduated,8/3/2016,1/6/2020,FID0220,FAM0930,FAM0930
ChildA-1179,Charles Cooper,4/16/2019,Community,Graduated,12/15/2023,4/14/2024,FID0222,FAM0934,FAM0934
ChildA-1179,Jesse Long,1/20/2022,Community,Graduated,4/16/2024,6/15/2024,FID0221,FAM0934,FAM0934
ChildA-1215,Charles Erickson,1/31/2014,Federal,Graduated,12/6/2014,2/23/2018,FID0223,FAM0937,FAM0937
ChildA-1215,Austin Leonard,7/21/2018,Federal,Graduated,3/7/2020,7/20/2023,FID0222,FAM0937,FAM0937
ChildA-2179,Brian Williams,8/28/2009,Community,Graduated,8/23/2010,8/27/2014,FID0224,FAM0947,FAM0947
ChildA-2179,Sarah Russo,10/25/2008,City,Graduated,12/27/2010,10/24/2013,FID0223,FAM0947,FAM0947
ChildA-1751,Jennifer Wright,1/22/2015,Community,Graduated,3/26/2019,1/21/2020,FID0225,FAM0951,FAM0951
ChildA-1751,Michael Huffman,8/14/2018,Community,Graduated,3/7/2022,8/13/2023,FID0224,FAM0951,FAM0951
ChildA-1460,Kelly Vaughn,8/15/2013,City,Graduated,1/6/2016,8/14/2018,FID0225,FAM0958,FAM0958
ChildA-1460,Jared Harris,6/7/2017,City,Graduated,6/8/2019,6/6/2022,FID0226,FAM0958,FAM0958
ChildA-1366,Richard Grant,3/30/1996,Community,Graduated,8/25/1999,3/29/2001,FID0227,FAM0963,FAM0963
ChildA-1366,Matthew Erickson,4/9/1999,Community,Graduated,9/12/2002,4/7/2004,FID0226,FAM0963,FAM0963
ChildA-1043,Sylvia Higgins,7/13/2004,Community,Graduated,7/5/2006,7/12/2009,FID0228,FAM0965,FAM0965
ChildA-1043,Brendan Moore,10/2/2011,Community,Graduated,7/16/2016,9/30/2016,FID0227,FAM0965,FAM0965
ChildA-2015,Amy Taylor,2/2/2017,City,Removed,4/23/2020,11/16/2020,FID0229,FAM0969,FAM0969
ChildA-2015,Rachel Mills,8/11/2020,City,Graduated,1/1/2023,8/18/2024,FID0228,FAM0969,FAM0969
ChildA-1044,Alexandra Castillo,4/25/2018,City,Removed,7/12/2020,11/23/2021,FID0229,FAM0971,FAM0971
ChildA-1044,Anthony Byrd,10/12/2019,City,Graduated,5/2/2022,10/10/2024,FID0230,FAM0971,FAM0971
ChildA-1571,Brenda Rivers,3/20/2016,City,Graduated,7/22/2020,3/19/2021,FID0231,FAM0979,FAM0979
ChildA-1571,Jamie Davis,3/17/2022,City,Removed,1/6/2023,11/28/2023,FID0230,FAM0979,FAM0979
ChildA-1649,Amy Norton,2/25/2010,City,Graduated,10/21/2012,2/24/2015,FID0231,FAM0983,FAM0983
ChildA-1649,Jasmine Wilson,12/26/2020,City,Removed,10/14/2022,12/22/2022,FID0232,FAM0983,FAM0983
ChildA-2075,Steven Fields,7/16/2009,City,Graduated,2/25/2013,7/15/2014,FID0232,FAM0985,FAM0985
ChildA-1404,Ashley Holmes,6/8/2015,Community,Graduated,12/25/2016,6/6/2020,FID0234,FAM0995,FAM0995
ChildA-1404,Frances Baxter,9/19/2018,Community,Graduated,3/5/2019,9/18/2023,FID0233,FAM0995,FAM0995
ChildA-1698,Angela Taylor,8/5/2011,Federal,Graduated,1/21/2014,8/3/2016,FID0234,FAM1010,FAM1010
ChildA-1537,David Adkins,9/24/2011,Federal,Graduated,10/27/2013,9/22/2016,FID0235,FAM1011,FAM1011
ChildA-1356,Mariah Brown,11/25/2020,Community,Enrolled,6/6/2024,,FID0235,FAM1018,FAM1018
ChildA-1356,Emily Acevedo,1/8/2024,Community,Enrolled,12/4/2024,,FID0236,FAM1018,FAM1018
ChildA-1709,Joshua Lee,3/3/2012,Community,Graduated,5/15/2015,3/2/2017,FID0236,FAM1022,FAM1022
ChildA-1709,Sarah Barton,10/22/2014,Community,Graduated,11/29/2016,10/21/2019,FID0237,FAM1022,FAM1022
ChildA-1248,Rita Sanchez,10/26/1998,Community,Graduated,1/22/2000,10/25/2003,FID0238,FAM1024,FAM1024
ChildA-1248,Jacob Williams,9/14/2017,Community,Graduated,9/6/2018,9/13/2022,FID0237,FAM1024,FAM1024
ChildA-1933,Melanie Barnes,10/15/2005,City,Graduated,8/28/2009,10/14/2010,FID0239,FAM1268,FAM1268
ChildA-1933,Jay Smith,7/10/2015,City,Graduated,3/3/2019,5/1/2020,FID0238,FAM1268,FAM1268
CH0500,Jennifer,5/23/2024,Community,Enrolled,3/3/2025,,FID0500,GID0500,GID0500
CH0501,Danielle,4/23/2024,City,Enrolled,3/29/2025,,FID0501,GID0501,GID0501
CH0502,Amanda,9/20/2024,City,Enrolled,1/23/2025,,FID0502,GID0502,GID0502
CH0504,Spencer,11/19/2024,City,Enrolled,11/7/2024,,FID0504,GID0504,GID0504
CH0505,Juan,4/18/2025,City,Enrolled,4/17/2025,,FID0505,GID0505,GID0505
CH0506,Anthony,9/20/2024,City,Enrolled,2/7/2025,,FID0506,GID0506,GID0506
CH0507,Aaron,1/18/2025,City,Enrolled,3/6/2025,,FID0507,GID0507,GID0507
CH0508,Christine,6/28/2023,City,Enrolled,3/9/2025,,FID0508,GID0508,GID0508
CH0509,Robert,8/27/2023,City,Enrolled,3/27/2025,,FID0509,GID0509,GID0509
CH0510,John,1/24/2024,City,Enrolled,11/12/2024,,FID0510,GID0510,GID0510
CH0511,Joseph,9/26/2023,City,Enrolled,11/7/2024,,FID0511,GID0511,GID0511
CH0512,Hunter,9/26/2023,City,Enrolled,1/5/2025,,FID0512,GID0512,GID0512
CH0513,Debbie,9/26/2023,City,Enrolled,12/17/2024,,FID0513,GID0513,GID0513
CH0514,Justin,9/26/2023,City,Enrolled,4/17/2025,,FID0514,GID0514,GID0514
CH0515,Joseph,3/24/2024,City,Enrolled,12/3/2024,,FID0515,GID0515,GID0515
CH0516,Timothy,12/25/2023,Community,Enrolled,1/13/2025,,FID0516,GID0516,GID0516
CH0517,Jose,3/30/2023,City,Enrolled,1/26/2025,,FID0517,GID0517,GID0517
CH0518,Melissa,8/2/2022,City,Enrolled,3/1/2025,,FID0518,GID0518,GID0518
CH0519,Theresa,3/30/2023,City,Enrolled,10/27/2024,,FID0519,GID0519,GID0519
CH0521,Adam,5/4/2022,City,Enrolled,2/14/2025,,FID0521,GID0521,GID0521
CH0522,Douglas,12/30/2022,City,Enrolled,10/23/2024,,FID0522,GID0522,GID0522
CH0523,Jason,10/31/2022,Community,Enrolled,1/29/2025,,FID0523,GID0523,GID0523
CH0524,Mary,1/29/2023,City,Enrolled,3/23/2025,,FID0524,GID0524,GID0524
CH0525,Alexis,10/1/2022,City,Enrolled,12/11/2024,,FID0525,GID0525,GID0525
CH0526,Clarence,7/3/2022,City,Enrolled,1/30/2025,,FID0526,GID0526,GID0526
CH0527,Tyler,1/29/2023,City,Enrolled,4/2/2025,,FID0527,GID0527,GID0527
CH0528,Isabel,3/30/2023,City,Enrolled,2/1/2025,,FID0528,GID0528,GID0528
CH0530,Derek,5/4/2022,City,Enrolled,12/6/2024,,FID0530,GID0530,GID0530
CH0531,Kristi,7/3/2022,City,Enrolled,12/5/2024,,FID0531,GID0531,GID0531
CH0532,Richard,10/31/2022,City,Enrolled,12/28/2024,,FID0532,GID0532,GID0532
CH0533,Charles,6/3/2022,Community,Enrolled,3/15/2025,,FID0533,GID0533,GID0533
CH0534,Valerie,10/31/2022,City,Enrolled,12/14/2024,,FID0534,GID0534,GID0534
CH0535,Alicia,5/9/2021,City,Enrolled,3/1/2025,,FID0535,GID0535,GID0535
CH0536,Brenda,11/5/2021,City,Enrolled,1/5/2025,,FID0536,GID0536,GID0536
CH0537,John,4/4/2022,Community,Enrolled,2/19/2025,,FID0537,GID0537,GID0537
CH0538,Gregory,9/6/2021,City,Enrolled,3/16/2025,,FID0538,GID0538,GID0538
CH0539,Michelle,10/6/2021,City,Enrolled,4/13/2025,,FID0539,GID0539,GID0539
CH0540,Gabrielle,10/11/2020,City,Enrolled,12/10/2024,,FID0540,GID0540,GID0540
CH0541,Kyle,11/5/2021,City,Enrolled,3/18/2025,,FID0541,GID0541,GID0541
CH0543,David,3/5/2022,City,Enrolled,1/12/2025,,FID0543,GID0543,GID0543
CH0544,Olivia,8/12/2020,City,Enrolled,2/12/2025,,FID0544,GID0544,GID0544
CH0545,Benjamin,11/10/2020,City,Enrolled,11/10/2024,,FID0545,GID0545,GID0545
CH0546,Alex,3/5/2022,City,Enrolled,11/17/2024,,FID0546,GID0546,GID0546
CH0547,Anthony,3/5/2022,City,Enrolled,10/31/2024,,FID0547,GID0547,GID0547
CH0548,Timothy,1/4/2022,City,Enrolled,11/2/2024,,FID0548,GID0548,GID0548
CH0549,Ryan,4/4/2022,City,Enrolled,4/6/2025,,FID0549,GID0549,GID0549
CH0551,Brian,3/10/2021,City,Enrolled,12/26/2024,,FID0551,GID0551,GID0551
CH0552,Kimberly,4/9/2021,City,Enrolled,3/18/2025,,FID0552,GID0552,GID0552
CH0554,Stephen,1/9/2021,City,Enrolled,10/21/2024,,FID0554,GID0554,GID0554
CH0556,Andrew,6/13/2020,City,Enrolled,10/25/2024,,FID0556,GID0556,GID0556
CH0558,Timothy,7/8/2021,Community,Enrolled,1/1/2025,,FID0558,GID0558,GID0558
CH0560,Michelle,7/13/2020,Community,Enrolled,12/6/2024,,FID0560,GID0560,GID0560
CH0561,Tyler,8/7/2021,City,Enrolled,11/10/2024,,FID0561,GID0561,GID0561
CH0562,Shawna,9/11/2020,City,Enrolled,10/21/2024,,FID0562,GID0562,GID0562
CH0600,Oscar,2/17/2025,Federal,Enrolled,1/1/2025,,FID0600,GID0600,GID0600
CH0601,Troy,3/19/2025,Federal,Enrolled,12/9/2024,,FID0601,GID0601,GID0601
CH0602,Ryan,5/23/2024,Federal,Enrolled,11/11/2024,,FID0602,GID0602,GID0602
CH0603,Michael,3/19/2025,Federal,Enrolled,2/5/2025,,FID0603,GID0603,GID0603
CH0604,Rachel,3/19/2025,Federal,Enrolled,3/22/2025,,FID0604,GID0604,GID0604
CH0605,Jessica,8/27/2023,Federal,Enrolled,2/27/2025,,FID0605,GID0605,GID0605
CH0606,Joann,6/28/2023,Federal,Enrolled,2/26/2025,,FID0606,GID0606,GID0606
CH0607,Samantha,11/25/2023,Federal,Enrolled,12/6/2024,,FID0607,GID0607,GID0607
CH0608,Jeanne,12/25/2023,Federal,Enrolled,1/17/2025,,FID0608,GID0608,GID0608
CH0609,James,4/29/2023,Federal,Enrolled,1/4/2025,,FID0609,GID0609,GID0609
CH0610,Mary,11/25/2023,Federal,Enrolled,3/8/2025,,FID0610,GID0610,GID0610
CH0611,James,3/24/2024,Community,Enrolled,11/29/2024,,FID0611,GID0611,GID0611
CH0612,Nicholas,8/27/2023,Federal,Enrolled,2/24/2025,,FID0612,GID0612,GID0612
CH0613,Brittany,5/4/2022,Federal,Enrolled,12/16/2024,,FID0613,GID0613,GID0613
CH0614,Steven,10/31/2022,Federal,Enrolled,2/17/2025,,FID0614,GID0614,GID0614
CH0617,Christina,2/28/2023,Federal,Enrolled,11/23/2024,,FID0617,GID0617,GID0617
CH0618,Carol,6/3/2022,Federal,Enrolled,12/13/2024,,FID0618,GID0618,GID0618
CH0619,Allison,1/29/2023,Federal,Enrolled,3/26/2025,,FID0619,GID0619,GID0619
CH0620,Tommy,8/2/2022,Federal,Enrolled,3/30/2025,,FID0620,GID0620,GID0620
CH0621,Eduardo,5/4/2022,Federal,Enrolled,3/24/2025,,FID0621,GID0621,GID0621
CH0622,Anita,11/30/2022,Federal,Enrolled,11/5/2024,,FID0622,GID0622,GID0622
CH0623,Jennifer,12/30/2022,Federal,Enrolled,12/23/2024,,FID0623,GID0623,GID0623
CH0624,Charles,11/30/2022,Community,Enrolled,2/10/2025,,FID0624,GID0624,GID0624
CH0625,Katherine,9/1/2022,Federal,Enrolled,4/6/2025,,FID0625,GID0625,GID0625
CH0626,Michael,2/28/2023,Federal,Enrolled,3/5/2025,,FID0626,GID0626,GID0626
CH0627,Linda,3/30/2023,Federal,Enrolled,2/3/2025,,FID0627,GID0627,GID0627
CH0628,Michael,5/9/2021,Community,Enrolled,10/27/2024,,FID0628,GID0628,GID0628
CH0629,Judy,6/8/2021,Federal,Enrolled,12/30/2024,,FID0629,GID0629,GID0629
CH0630,Breanna,5/14/2020,Federal,Enrolled,3/20/2025,,FID0630,GID0630,GID0630
CH0631,Samantha,1/4/2022,Federal,Enrolled,4/7/2025,,FID0631,GID0631,GID0631
CH0632,Jeremy,4/4/2022,Federal,Enrolled,3/14/2025,,FID0632,GID0632,GID0632
CH0633,Denise,7/13/2020,Federal,Enrolled,11/4/2024,,FID0633,GID0633,GID0633
CH0634,William,11/5/2021,Federal,Enrolled,1/24/2025,,FID0634,GID0634,GID0634
CH0635,Megan,11/19/2024,Community,Enrolled,2/13/2025,,FID0635,GID0635,GID0635
CH0636,Elizabeth,7/22/2024,Community,Enrolled,10/28/2024,,FID0636,GID0636,GID0636
CH0637,Brent,5/23/2024,Community,Enrolled,8/8/2024,,FID0637,GID0637,GID0637
CH0638,Raymond,5/29/2023,Community,Enrolled,6/12/2024,,FID0638,GID0638,GID0638
CH0639,Susan,8/27/2023,Community,Enrolled,1/20/2024,,FID0639,GID0639,GID0639
CH0640,Donna,4/29/2023,Community,Enrolled,7/11/2024,,FID0640,GID0640,GID0640
CH0641,Martin,3/30/2023,Community,Enrolled,2/1/2024,,FID0641,GID0641,GID0641
CH0642,Taylor,4/29/2023,Community,Enrolled,9/29/2024,,FID0642,GID0642,GID0642
CH0643,Dylan,4/29/2023,Community,Enrolled,11/15/2023,,FID0643,GID0643,GID0643
CH0644,Tracy,8/2/2022,Community,Enrolled,1/14/2023,,FID0644,GID0644,GID0644
CH0645,Benjamin,1/9/2021,Community,Enrolled,3/6/2025,,FID0645,GID0645,GID0645
CH0647,Nicholas,6/3/2022,Community,Enrolled,10/17/2022,,FID0647,GID0647,GID0647
CH0648,Alison,10/6/2021,Community,Enrolled,2/26/2025,,FID0648,GID0648,GID0648
CH0649,Brian,8/7/2021,Community,Enrolled,11/14/2024,,FID0649,GID0649,GID0649
ChildA-2500,WaitlistChild1,10/8/2025,Community,Waitlist,,,FID0650,GID0650,GID0650
ChildA-2501,WaitlistChild2,8/8/2025,Community,Waitlist,,,FID0651,GID0651,GID0651
ChildA-2502,WaitlistChild3,6/3/2025,Community,Waitlist,,,FID0652,GID0652,GID0652
ChildA-2503,WaitlistChild4,9/21/2025,Community,Waitlist,,,FID0653,GID0653,GID0653
ChildA-2504,WaitlistChild5,7/24/2025,Community,Waitlist,,,FID0654,GID0654,GID0654
ChildA-2505,WaitlistChild6,7/18/2025,Community,Waitlist,,,FID0655,GID0655,GID0655
ChildA-2506,WaitlistChild7,9/21/2025,Community,Waitlist,,,FID0656,GID0656,GID0656
ChildA-2507,WaitlistChild8,4/25/2025,Community,Waitlist,,,FID0657,GID0657,GID0657
ChildA-1119,Nina Dickson,9/13/2016,City,Removed,2/10/2019,4/13/2019,FID0240,IND0002,IND0002
ChildA-1002,Kenneth Rivera,7/16/2020,Community,Removed,11/27/2020,5/31/2022,FID0241,IND0010,IND0010
ChildA-1794,Tyler Wilson,4/8/1994,Community,Graduated,6/19/1998,4/7/1999,FID0242,IND0011,IND0011
ChildA-2402,Michelle Gonzalez,9/12/2012,City,Graduated,7/9/2016,9/11/2017,FID0243,IND0018,IND0018
ChildA-2282,Jeremy Smith,9/24/2007,Community,Graduated,8/6/2008,9/22/2012,FID0244,IND0019,IND0019
ChildA-2358,Morgan Wells,4/22/2013,City,Graduated,8/14/2013,4/21/2018,FID0245,IND0026,IND0026
ChildA-1185,Michelle Jones,12/3/2009,Community,Graduated,3/19/2012,12/2/2014,FID0246,IND0029,IND0029
ChildA-1711,Adam Gutierrez,5/12/1994,Community,Graduated,7/22/1998,5/11/1999,FID0247,IND0040,IND0040
ChildA-1116,Julia Clarke,5/25/2009,Community,Graduated,3/17/2010,5/24/2014,FID0248,IND0041,IND0041
ChildA-2096,Morgan Cox,3/20/2012,Community,Graduated,4/9/2014,3/19/2017,FID0249,IND0042,IND0042
ChildA-1003,Nicole Velasquez,1/6/1997,Community,Graduated,2/22/1998,1/5/2002,FID0250,IND0092,IND0092
ChildA-1486,Joy Quinn,10/8/1996,Community,Graduated,8/7/2000,10/7/2001,FID0251,IND0097,IND0097
ChildA-1065,Tracey Walton,5/28/2021,Community,Enrolled,3/17/2025,,FID0253,IND0120,IND0120
ChildA-2499,Donna Mccall,4/14/2023,Community,Graduated,8/14/2024,10/15/2024,FID0254,IND0121,IND0121
ChildA-1503,Allen Ferrell,7/14/2022,Community,Enrolled,6/14/2024,,FID0256,IND0125,IND0125
ChildA-2220,Colleen Christensen,3/25/1994,Community,Graduated,3/17/1998,3/24/1999,FID0257,IND0126,IND0126
ChildA-1485,Cynthia Potter,6/11/2011,City,Graduated,11/9/2013,6/9/2016,FID0258,IND0129,IND0129
ChildA-1934,Nicholas Poole,6/5/2016,Community,Graduated,5/24/2018,6/4/2021,FID0259,IND0130,IND0130
ChildA-2451,Kelly Moore,5/21/2019,Community,Graduated,8/16/2020,5/19/2024,FID0260,IND0138,IND0138
ChildA-2230,Heather White,4/2/2017,Community,Graduated,6/7/2021,4/1/2022,FID0261,IND0143,IND0143
ChildA-1654,Derrick Curtis,2/13/2013,Community,Removed,3/12/2017,12/27/2017,FID0263,IND0151,IND0151
ChildA-2423,Karen Jones,10/8/2018,Community,Graduated,1/13/2020,10/7/2023,FID0264,IND0156,IND0156
ChildA-1707,Mark Valenzuela,1/22/2016,Community,Graduated,11/2/2020,1/20/2021,FID0265,IND0163,IND0163
ChildA-2400,Jerry Johnson,8/19/2008,Community,Graduated,1/19/2012,8/18/2013,FID0266,IND0164,IND0164
ChildA-1370,Patrick Mitchell,8/5/2012,Federal,Graduated,5/31/2017,8/4/2017,FID0267,IND0169,IND0169
ChildA-1131,Lori Curry,5/16/1998,Community,Graduated,5/26/2001,5/15/2003,FID0268,IND0172,IND0172
ChildA-1769,Christina Patrick,7/8/2005,Community,Graduated,12/10/2009,7/7/2010,FID0269,IND0183,IND0183
ChildA-2190,Janet Berg,12/12/2018,Community,Graduated,2/19/2021,12/11/2023,FID0270,IND0191,IND0191
ChildA-2438,Justin Patterson,12/7/2003,Community,Graduated,9/29/2007,12/5/2008,FID0271,IND0199,IND0199
ChildA-2408,Erica Fisher,12/6/2002,Community,Graduated,2/24/2007,12/5/2007,FID0272,IND0202,IND0202
ChildA-1309,Devin Hodge,11/18/2009,Community,Graduated,7/12/2011,11/17/2014,FID0274,IND0208,IND0208
ChildA-1637,Joseph Ortiz,10/28/2017,Community,Graduated,7/5/2019,10/27/2022,FID0275,IND0209,IND0209
ChildA-1992,Julie Strickland,6/20/2017,Community,Graduated,9/20/2017,6/19/2022,FID0276,IND0233,IND0233
ChildA-2464,William Alexander,3/13/2007,Community,Graduated,11/24/2009,3/11/2012,FID0277,IND0236,IND0236
ChildA-2091,Jenny Allen,6/1/2018,Community,Graduated,8/5/2019,5/31/2023,FID0278,IND0250,IND0250
ChildA-2250,Brandi Moss,5/18/2006,Community,Graduated,9/29/2008,5/17/2011,FID0279,IND0260,IND0260
ChildA-1928,Jesus Davis,5/21/2010,City,Graduated,12/13/2014,5/20/2015,FID0280,IND0261,IND0261
ChildA-1513,Carolyn Campbell,7/8/2002,Community,Graduated,11/12/2004,7/7/2007,FID0281,IND0266,IND0266
ChildA-1318,Kristin Vargas,8/11/1995,Community,Graduated,7/17/1998,8/9/2000,FID0282,IND0276,IND0276
ChildA-1640,David Burton,8/21/2009,City,Removed,4/6/2010,2/17/2013,FID0285,IND0317,IND0317
ChildA-1258,Darryl Perez,10/11/2013,Community,Graduated,3/31/2014,9/23/2018,FID0286,IND0324,IND0324
ChildA-1492,Laura Perez,3/10/2005,Community,Graduated,7/19/2005,3/9/2010,FID0288,IND0337,IND0337
ChildA-1847,Dawn Anderson,8/27/2010,Community,Graduated,6/27/2011,8/26/2015,FID0289,IND0353,IND0353
ChildA-1884,Gina Larson,10/16/2020,Community,Removed,12/28/2021,5/31/2022,FID0290,IND0356,IND0356
ChildA-2496,Cory Mcintyre,11/18/1995,Community,Graduated,3/25/2000,11/16/2000,FID0291,IND0363,IND0363
ChildA-1122,Lisa Mcclure,7/9/2012,Community,Graduated,4/15/2013,7/8/2017,FID0292,IND0364,IND0364
ChildA-1976,Samuel Pham,6/6/2008,Community,Graduated,2/12/2012,6/5/2013,FID0293,IND0365,IND0365
ChildA-1312,Lynn Kelley,3/14/2020,City,Graduated,1/19/2022,3/13/2025,FID0294,IND0366,IND0366
ChildA-2362,Marcus Roberts,6/30/2017,City,Removed,12/30/2019,2/21/2020,FID0295,IND0375,IND0375
ChildA-1983,Jose Phillips,4/30/2009,Community,Graduated,9/30/2009,4/29/2014,FID0296,IND0380,IND0380
ChildA-2289,Andrew Morales,6/10/1998,Community,Graduated,5/8/2002,6/9/2003,FID0297,IND0391,IND0391
ChildA-2482,Kelly Jimenez,5/25/2000,Community,Graduated,1/29/2003,5/24/2005,FID0300,IND0400,IND0400
ChildA-1063,Jessica Jordan,1/11/2001,Community,Graduated,11/4/2001,1/10/2006,FID0301,IND0401,IND0401
ChildA-2253,Kenneth Johnston,1/22/2018,City,Removed,6/12/2019,5/14/2020,FID0302,IND0402,IND0402
ChildA-1349,Paul Guerra,11/15/2013,Community,Graduated,3/9/2015,11/14/2018,FID0303,IND0408,IND0408
ChildA-1392,Jessica Price,7/12/2010,Community,Graduated,11/17/2013,7/11/2015,FID0304,IND0411,IND0411
ChildA-2111,James Knox,8/2/1996,Community,Graduated,7/14/2000,8/1/2001,FID0305,IND0414,IND0414
ChildA-1031,Tricia Lewis,2/18/2019,Community,Graduated,9/16/2020,2/17/2024,FID0306,IND0430,IND0430
ChildA-2313,Michelle Nelson,3/7/2011,Community,Graduated,8/17/2013,3/5/2016,FID0307,IND0437,IND0437
ChildA-1757,Tony Griffin,3/31/2005,Community,Graduated,3/15/2010,3/30/2010,FID0308,IND0438,IND0438
ChildA-2422,Joshua Phillips,8/25/2006,Community,Graduated,3/14/2007,8/24/2011,FID0309,IND0444,IND0444
ChildA-1899,Bryan Sutton,11/19/2012,Community,Graduated,7/12/2015,11/18/2017,FID0310,IND0449,IND0449
ChildA-1491,Benjamin Richardson,11/13/2014,City,Graduated,4/21/2017,4/16/2019,FID0311,IND0450,IND0450
ChildA-1911,Victoria Huerta,5/2/2006,Community,Graduated,2/14/2007,5/1/2011,FID0313,IND0452,IND0452
ChildA-1490,Joseph Coleman,1/14/2006,Community,Graduated,3/29/2007,1/13/2011,FID0314,IND0455,IND0455
ChildA-2144,Lisa Serrano,1/16/2002,Community,Graduated,12/10/2004,1/15/2007,FID0315,IND0456,IND0456
ChildA-1706,Christopher Dunn,3/8/2014,Community,Graduated,10/30/2018,3/7/2019,FID0316,IND0459,IND0459
ChildA-2449,Paula Salinas,11/25/2002,Community,Graduated,11/20/2005,11/24/2007,FID0317,IND0460,IND0460
ChildA-1494,Maurice Williams,7/30/1995,Community,Graduated,6/3/1999,7/28/2000,FID0318,IND0461,IND0461
ChildA-2365,Shaun Woods,5/8/2019,Community,Graduated,8/18/2020,5/6/2024,FID0319,IND0462,IND0462
ChildA-1380,Ashley Wilson,12/7/2015,Community,Graduated,4/26/2018,12/5/2020,FID0320,IND0463,IND0463
ChildA-1866,Brittany Lutz,12/23/1997,Community,Graduated,9/20/2000,12/22/2002,FID0321,IND0467,IND0467
ChildA-1635,Eric Hughes,1/3/2004,Community,Graduated,9/19/2006,1/1/2009,FID0322,IND0470,IND0470
ChildA-1687,Paul Stuart,7/29/2010,Community,Graduated,2/2/2012,7/28/2015,FID0323,IND0471,IND0471
ChildA-1877,Mark Daniel,9/11/2013,Community,Graduated,4/15/2014,9/10/2018,FID0324,IND0482,IND0482
ChildA-1807,Frederick Sanders,6/1/1994,Community,Graduated,7/26/1998,5/31/1999,FID0325,IND0493,IND0493
ChildA-2103,Mary Montgomery,12/8/2015,Community,Graduated,12/5/2019,12/6/2020,FID0326,IND0496,IND0496
ChildA-2487,Gregory Park,3/2/2007,City,Graduated,11/11/2009,2/29/2012,FID0327,IND0499,IND0499
ChildA-1261,Crystal Myers,12/26/2004,Community,Graduated,4/7/2008,12/25/2009,FID0328,IND0504,IND0504
ChildA-2283,Laura Gonzalez,9/12/2000,Community,Graduated,3/9/2005,9/11/2005,FID0329,IND0505,IND0505
ChildA-2412,Cody Dunn,3/27/1998,Community,Graduated,10/27/1998,3/26/2003,FID0330,IND0511,IND0511
ChildA-1820,Judith Hansen,1/24/2016,City,Graduated,10/16/2016,1/22/2021,FID0331,IND0512,IND0512
ChildA-2397,Diane Morrison,5/26/2015,Community,Graduated,7/29/2018,5/24/2020,FID0332,IND0514,IND0514
ChildA-1188,Debra Jones,6/9/2003,Community,Graduated,9/7/2006,6/7/2008,FID0333,IND0519,IND0519
ChildA-1235,Christopher Copeland,12/9/2000,Community,Graduated,7/4/2002,12/8/2005,FID0334,IND0524,IND0524
ChildA-1342,Jeremy Fischer,10/28/2009,Community,Graduated,7/6/2010,10/27/2014,FID0335,IND0525,IND0525
ChildA-1171,Michael Kelly,11/6/2006,City,Graduated,7/11/2010,11/5/2011,FID0337,IND0535,IND0535
ChildA-2339,Ricardo Reyes,3/31/2004,Community,Graduated,9/11/2007,3/30/2009,FID0338,IND0544,IND0544
ChildA-2178,Rachel Smith,12/19/2023,Community,Enrolled,1/20/2025,,FID0339,IND0556,IND0556
ChildA-1100,Regina Johnson,5/11/2011,Community,Graduated,11/6/2015,5/9/2016,FID0341,IND0561,IND0561
ChildA-1854,Peter Lyons,5/24/2018,Community,Graduated,10/18/2022,5/23/2023,FID0344,IND0576,IND0576
ChildA-1838,Robert Diaz,12/4/1999,Community,Graduated,7/18/2002,12/2/2004,FID0345,IND0581,IND0581
ChildA-2211,Melanie Wilson,4/14/2008,Community,Graduated,12/21/2010,4/13/2013,FID0346,IND0582,IND0582
ChildA-1851,Elizabeth Hess,9/16/2008,Community,Graduated,6/21/2012,9/15/2013,FID0347,IND0584,IND0584
ChildA-1620,William Williams,11/26/1997,Community,Graduated,6/26/2001,11/25/2002,FID0348,IND0588,IND0588
ChildA-2134,Allen Atkins,8/17/2013,City,Graduated,11/3/2017,8/16/2018,FID0349,IND0597,IND0597
ChildA-1970,Jason Ford,2/3/2003,Community,Graduated,6/1/2007,2/2/2008,FID0350,IND0598,IND0598
ChildA-2368,Victoria Cruz,7/16/2019,Community,Graduated,12/16/2021,7/14/2024,FID0351,IND0601,IND0601
ChildA-1936,Courtney Hess,3/17/2002,Community,Graduated,7/19/2005,3/16/2007,FID0352,IND0612,IND0612
ChildA-2076,Christopher Pierce,11/16/2012,City,Graduated,11/27/2015,11/15/2017,FID0353,IND0614,IND0614
ChildA-2480,Sheri Strickland,7/2/2014,Community,Graduated,4/17/2016,7/1/2019,FID0354,IND0615,IND0615
ChildA-1445,Albert Wise,10/2/2014,Community,Graduated,1/25/2015,10/1/2019,FID0355,IND0620,IND0620
ChildA-2332,Cynthia Olson,12/3/2008,City,Graduated,7/23/2013,12/2/2013,FID0356,IND0629,IND0629
ChildA-1624,Jason Yu,4/6/2006,Community,Graduated,11/10/2008,4/5/2011,FID0357,IND0630,IND0630
ChildA-2221,Todd Novak,4/14/2017,Community,Graduated,5/15/2018,4/13/2022,FID0358,IND0633,IND0633
ChildA-1997,Abigail Cain,11/15/2017,City,Graduated,10/30/2018,11/14/2022,FID0359,IND0634,IND0634
ChildA-1129,Jamie Willis,2/4/2015,Community,Graduated,8/21/2018,2/3/2020,FID0360,IND0636,IND0636
ChildA-1776,Bailey Pearson,9/4/2006,Community,Graduated,6/26/2007,9/3/2011,FID0361,IND0639,IND0639
ChildA-1158,Daniel Sanchez,1/23/2021,City,Enrolled,6/22/2021,,FID0362,IND0642,IND0642
ChildA-2454,Brett Wright,7/25/2001,Community,Graduated,3/7/2006,7/24/2006,FID0363,IND0643,IND0643
ChildA-2488,James Lopez,5/15/1998,Community,Graduated,7/17/2000,5/14/2003,FID0365,IND0647,IND0647
ChildA-1599,Paula Howard,8/16/2017,Community,Graduated,1/7/2020,8/15/2022,FID0366,IND0648,IND0648
ChildA-1296,Stacey Clark,9/12/2020,Community,Removed,11/28/2021,5/31/2022,FID0368,IND0650,IND0650
ChildA-1066,Heather Martin,5/26/2014,Community,Graduated,6/14/2015,5/25/2019,FID0369,IND0651,IND0651
ChildA-1812,Laura Aguilar,7/9/1997,Community,Graduated,12/26/1999,7/8/2002,FID0370,IND0652,IND0652
ChildA-2092,Daniel Rogers,2/1/2014,Community,Graduated,8/31/2015,1/31/2019,FID0371,IND0653,IND0653
ChildA-2330,Scott Lyons,12/27/2015,Community,Graduated,11/24/2018,12/25/2020,FID0372,IND0654,IND0654
ChildA-1542,Jesse Lowe,4/28/2017,Community,Graduated,8/28/2019,4/27/2022,FID0373,IND0655,IND0655
ChildA-1726,Cassie Gutierrez,10/1/2000,Community,Graduated,7/31/2005,9/30/2005,FID0374,IND0658,IND0658
ChildA-2456,Jeremiah Hayes,12/1/2009,Community,Graduated,9/26/2011,11/30/2014,FID0375,IND0661,IND0661
ChildA-2448,Michael Moran,1/2/2003,Community,Graduated,7/11/2004,1/1/2008,FID0377,IND0675,IND0675
ChildA-1320,Emma Cook,10/15/1999,Community,Graduated,3/15/2004,10/13/2004,FID0378,IND0682,IND0682
ChildA-1319,Kimberly Alvarado,1/29/2008,Community,Graduated,12/14/2012,1/27/2013,FID0379,IND0683,IND0683
ChildA-1398,Felicia Brown,6/28/1999,Community,Graduated,3/18/2002,6/26/2004,FID0382,IND0696,IND0696
ChildA-2213,Eric Morris,1/18/2005,Community,Graduated,11/30/2009,1/17/2010,FID0383,IND0697,IND0697
ChildA-1501,Samantha Cox,8/12/2009,Community,Graduated,12/15/2011,8/11/2014,FID0385,IND0707,IND0707
ChildA-2262,Greg Taylor,9/11/2003,Community,Graduated,5/17/2008,9/9/2008,FID0386,IND0708,IND0708
ChildA-1451,Joshua Tucker,4/18/2008,City,Graduated,6/24/2011,4/17/2013,FID0387,IND0717,IND0717
ChildA-1915,Tiffany Johnson,10/14/2010,Community,Graduated,10/10/2012,10/13/2015,FID0388,IND0733,IND0733
ChildA-1517,Emily Williams,2/12/2004,Community,Graduated,2/13/2005,2/10/2009,FID0389,IND0738,IND0738
ChildA-2239,Richard Cook,6/1/2009,City,Graduated,11/22/2012,5/31/2014,FID0390,IND0740,IND0740
ChildA-1105,Brianna Berry,6/23/2005,Community,Graduated,11/28/2008,6/22/2010,FID0391,IND0745,IND0745
ChildA-1839,Jasmine Porter,5/8/2012,Community,Graduated,9/4/2013,5/7/2017,FID0392,IND0750,IND0750
ChildA-1073,Patricia Jackson,12/10/1998,Community,Graduated,7/6/1999,12/9/2003,FID0393,IND0764,IND0764
ChildA-2118,Donald Phillips,4/7/2008,Community,Graduated,1/26/2011,4/6/2013,FID0394,IND0771,IND0771
ChildA-2116,Christina Collins,1/23/2011,Community,Graduated,4/30/2013,1/22/2016,FID0395,IND0772,IND0772
ChildA-2288,Daniel Campbell,2/3/1999,Community,Graduated,5/27/2001,2/2/2004,FID0396,IND0773,IND0773
ChildA-1323,Jack Porter,2/17/2007,Community,Graduated,8/7/2009,2/16/2012,FID0397,IND0774,IND0774
ChildA-1038,Tiffany Thomas,10/24/2000,Community,Graduated,3/25/2001,10/23/2005,FID0398,IND0779,IND0779
ChildA-1227,Thomas Cummings,1/16/2014,Community,Graduated,1/11/2017,1/15/2019,FID0400,IND0791,IND0791
ChildA-1329,Kimberly Henderson,9/4/2005,Community,Graduated,7/31/2008,9/3/2010,FID0401,IND0792,IND0792
ChildA-1263,William Lee,9/28/2010,Community,Graduated,12/1/2012,9/27/2015,FID0402,IND0803,IND0803
ChildA-1134,Jeffrey Tucker,5/31/2007,Community,Graduated,2/8/2009,5/29/2012,FID0403,IND0813,IND0813
ChildA-1717,Jason Miller,12/3/2017,Community,Graduated,4/28/2018,12/2/2022,FID0404,IND0817,IND0817
ChildA-1124,Timothy Shaw,9/25/2011,Community,Graduated,11/4/2014,9/23/2016,FID0405,IND0838,IND0838
ChildA-1625,Tara Benton,4/5/1999,Community,Graduated,6/1/2000,4/3/2004,FID0406,IND0840,IND0840
ChildA-1294,Karla Cannon,10/19/2012,Community,Graduated,3/31/2014,10/18/2017,FID0407,IND0841,IND0841
ChildA-1182,Sean Navarro,1/22/2007,Community,Graduated,6/25/2010,1/21/2012,FID0408,IND0848,IND0848
ChildA-2354,Stephanie Rose,11/23/2020,City,Graduated,7/28/2022,3/9/2024,FID0409,IND0849,IND0849
ChildA-1128,Nicole Burns,4/2/2020,Community,Graduated,10/5/2021,4/1/2025,FID0410,IND0851,IND0851
ChildA-1538,Jacqueline Harris,3/1/2013,City,Graduated,6/18/2017,2/28/2018,FID0412,IND0869,IND0869
ChildA-2445,Heather Wallace,2/13/2015,Community,Graduated,6/24/2015,2/12/2020,FID0413,IND0875,IND0875
ChildA-2467,Jasmine James,5/4/2016,Community,Graduated,4/29/2017,5/3/2021,FID0414,IND0910,IND0910
ChildA-2045,Donna Mcclure,12/30/2014,City,Graduated,2/4/2018,12/29/2019,FID0415,IND0913,IND0913
ChildA-2472,Rachel Villarreal,11/2/2016,Federal,Graduated,6/19/2020,4/10/2021,FID0417,IND1000,IND1000
ChildA-1822,Joseph Peterson,4/6/2010,Federal,Graduated,7/3/2011,4/5/2015,FID0418,IND1231,IND1231
ChildA-2224,Rebecca Vargas,8/18/2005,Federal,Graduated,12/30/2009,8/17/2010,FID0419,IND1232,IND1232
ChildA-1853,Joanne Logan,3/18/2015,Community,Graduated,11/13/2016,3/16/2020,FID0421,IND1400,IND1400
ChildA-1700,Ashley King,9/3/2006,Community,Graduated,8/17/2009,9/2/2011,FID0047,SUB001,FAM0200
ChildA-2432,Benjamin Robinson,5/8/2010,City,Graduated,8/31/2010,5/7/2015,FID0420,SUB001,IND1373
ChildA-1014,Lisa Banks,11/23/2008,Community,Graduated,4/11/2013,11/22/2013,FID0132,SUB001,FAM0552
ChildA-2049,Adam Diaz,4/29/2012,City,Graduated,4/23/2015,4/28/2017,FID0193,SUB001,FAM0820
ChildA-1746,Crystal Avila,6/13/2015,City,Graduated,11/16/2015,6/11/2020,FID0127,SUB001,FAM0540
ChildA-2435,Alfred Wall,1/27/2013,Community,Graduated,3/22/2017,1/26/2018,FID0376,SUB001,IND0668
ChildA-1704,Amber Alexander,3/31/2016,Community,Graduated,3/25/2018,3/30/2021,FID0299,SUB001,IND0395
ChildA-1341,Stacy Mitchell,7/30/2014,Community,Graduated,6/11/2018,7/29/2019,FID0381,SUB001,IND0685
ChildA-1962,Daniel Perry,2/22/2014,Community,Graduated,11/18/2018,2/21/2019,FID0416,SUB001,IND0968
ChildA-1008,Scott Herrera,10/15/2016,City,Graduated,1/18/2019,10/14/2021,FID0092,SUB001,FAM0385
ChildA-2075,Susan Gray,9/12/2014,City,Graduated,9/10/2019,9/11/2019,FID0233,SUB001,FAM0985
ChildA-1821,Steven Flores,4/7/2016,Community,Graduated,10/31/2020,4/6/2021,FID0262,SUB001,IND0150
ChildA-1495,Jacqueline Blanchard,6/9/2019,City,Graduated,3/21/2021,2/17/2023,FID0217,SUB001,FAM0918
ChildA-1328,Stephanie Gordon,9/21/2019,Community,Graduated,7/27/2021,9/19/2024,FID0364,SUB001,IND0644
CH0542,Shawn,5/9/2021,City,Enrolled,11/3/2024,,FID0542,SUB001,GID0542
ChildA-1127,Alisha Olsen,7/19/2022,Community,Enrolled,2/1/2025,,FID0399,SUB001,IND0780
CH0553,James,11/10/2020,City,Enrolled,2/13/2025,,FID0553,SUB001,GID0553
CH0555,Jamie,12/5/2021,Community,Enrolled,2/25/2025,,FID0555,SUB001,GID0555
CH0646,James,10/1/2022,Community,Enrolled,3/13/2025,,FID0646,SUB001,GID0646
CH0559,Christina,7/13/2020,City,Enrolled,3/24/2025,,FID0559,SUB001,GID0559
CH0616,Laura,6/3/2022,Community,Enrolled,3/27/2025,,FID0616,SUB001,GID0616
CH0615,Carolyn,3/30/2023,Community,Enrolled,4/15/2025,,FID0615,SUB001,GID0615
ChildA-1254,Kathleen Terry,12/25/1995,Community,Graduated,6/7/1999,12/23/2000,FID0340,SUB002,IND0560
ChildA-1286,Laura Schneider,8/12/1997,Community,Graduated,8/21/1999,8/11/2002,FID0252,SUB002,IND0099
ChildA-1390,Scott White,11/5/1994,Community,Graduated,9/17/1999,11/4/1999,FID0312,SUB002,IND0451
ChildA-2090,Timothy Payne,3/31/2002,Community,Graduated,7/22/2002,3/30/2007,FID0273,SUB002,IND0203
ChildA-1436,Meagan Nolan,12/30/1998,Community,Graduated,11/23/2002,12/29/2003,FID0411,SUB002,IND0866
ChildA-1075,Michael Hawkins,8/5/2000,Community,Graduated,4/3/2004,8/4/2005,FID0367,SUB002,IND0649
ChildA-2088,Stephanie Wagner,8/10/2002,Community,Graduated,5/13/2004,8/9/2007,FID0134,SUB002,FAM0566
ChildA-1155,Xavier Valentine,5/23/2007,Community,Graduated,9/29/2008,5/21/2012,FID0149,SUB002,FAM0631
ChildA-2463,Darren Lowery,11/9/2006,Community,Graduated,8/19/2009,11/8/2011,FID0284,SUB002,IND0296
ChildA-1136,Chase Smith,3/15/2005,City,Graduated,1/10/2010,3/14/2010,FID0002,SUB002,FAM0006
ChildA-1360,Karen Perry,3/6/2009,City,Graduated,8/31/2013,3/5/2014,FID0122,SUB002,FAM0515
ChildA-1165,John Mendoza,9/2/2010,Community,Graduated,1/24/2014,9/1/2015,FID0255,SUB002,IND0122
ChildA-1143,Cameron Smith,3/31/2012,Community,Graduated,7/30/2016,3/30/2017,FID0380,SUB002,IND0684
ChildA-2060,Laurie Lewis,7/23/2013,City,Graduated,4/4/2017,7/22/2018,FID0298,SUB002,IND0394
ChildA-1346,Carolyn Hall,1/9/2014,Community,Graduated,7/9/2018,1/8/2019,FID0283,SUB002,IND0279
ChildA-1981,Jessica Estrada,5/7/2018,Community,Graduated,7/13/2019,5/6/2023,FID0342,SUB002,IND0572
ChildA-1069,Joseph Farrell,5/1/2015,Community,Graduated,7/31/2019,4/29/2020,FID0336,SUB002,IND0529
ChildA-1163,Alexandra Nguyen,8/8/2017,Community,Graduated,7/25/2020,8/7/2022,FID0384,SUB002,IND0704
ChildA-2023,Daniel Ponce,5/7/2019,Community,Graduated,9/2/2020,5/5/2024,FID0343,SUB002,IND0573
ChildA-1041,Jeremy Bradford,1/17/2019,Community,Graduated,9/28/2021,6/22/2022,FID0004,SUB002,FAM0016
ChildA-1765,Dakota Washington,10/10/2016,Community,Graduated,10/6/2021,10/9/2021,FID0287,SUB002,IND0327
ChildA-1656,Nicholas Rhodes,12/3/2022,Community,Enrolled,10/10/2023,,FID0046,SUB002,FAM0197
ChildA-2325,John Robinson,12/16/2021,Community,Graduated,11/7/2023,8/16/2024,FID0205,SUB002,FAM0864
CH0529,Richard,11/30/2022,City,Enrolled,12/23/2024,,FID0529,SUB002,GID0529
CH0503,Charles,6/22/2024,City,Enrolled,3/4/2025,,FID0503,SUB002,GID0503
CH0550,Allison,6/13/2020,City,Enrolled,3/20/2025,,FID0550,SUB002,GID0550
CH0520,Curtis,3/30/2023,Community,Enrolled,11/9/2024,,FID0520,SUB003,GID0520
CH0557,Richard,8/12/2020,City,Enrolled,4/16/2025,,FID0557,SUB003,GID0557
