RevenueID,CenterID,RevenueType,LinkedEntityID,Date, Amount ,RevenueCause,Notes
REV-000001,All Centers,Donation,UNK1511,7/6/2005, $274.60 ,Book Fair 2005,
REV-000002,All Centers,Donation,UNK1511,7/6/2005, $724.15 ,Book Fair 2005,
REV-000003,Unknown,Donation,,7/6/2005, $15.00 ,Unprompted,
REV-000004,Unknown,Donation,,7/13/2005, $575.00 ,Teacher Appreciation,
REV-000005,Unknown,Donation,,7/20/2005, $65.00 ,Unprompted,
REV-000006,Unknown,Donation,UNK1557,8/16/2005, $500.00 ,Unprompted,
REV-000007,Unknown,Donation,,8/31/2005, $285.00 ,Parents' Night Out 2005,
REV-000008,C-Corp,Donation,,9/8/2005, $100.00 ,Unprompted,
REV-000009,All Centers,Donation,UNK1511,9/16/2005, $406.23 ,Book Fair 2005,
REV-000010,C-Corp,Donation,UNK1549,9/22/2005," $1,000.00 ",Childcare Grant - MWA,
REV-000011,All Centers,Donation,UNK1511,10/3/2005, $574.27 ,Book Fair 2005,
REV-000012,C-JP,Donation,UNK1535,10/11/2005," $4,430.50 ",Wrapping Paper Sale 2005,
REV-000013,Unknown,Donation,,10/11/2005, $778.00 ,Unprompted,
REV-000014,C-Corp,Donation,,10/14/2005, $60.00 ,T-Shirt Fundraiser,
REV-000015,Unknown,Donation,UNK1556,11/17/2005, $10.00 ,Unprompted,
REV-000016,Unknown,Donation,,11/17/2005, $176.67 ,Unprompted,
REV-000017,Unknown,Donation,,11/17/2005," $2,000.00 ",Unprompted,
REV-000018,Unknown,Donation,,11/18/2005, $134.00 ,Unprompted,
REV-000019,Unknown,Donation,,11/18/2005, $235.52 ,Unprompted,
REV-000020,Unknown,Donation,,11/18/2005, $354.83 ,Unprompted,
REV-000021,Unknown,Donation,UNK1560,11/28/2005, $300.00 ,Unprompted,
REV-000022,C-HP,Donation,UNK1515,11/29/2005, $190.00 ,Community Discount Cards Fundraiser,
REV-000023,Unknown,Donation,,12/7/2005, $500.00 ,Unprompted,
REV-000024,Unknown,Donation,,12/7/2005," $2,000.00 ",Unprompted,
REV-000025,C-HP,Donation,UNK1515,12/8/2005, $80.00 ,Community Discount Cards Fundraiser,
REV-000026,Unknown,Donation,,12/14/2005," $1,207.08 ",Unprompted,
REV-000027,Unknown,Donation,FAM0043,12/16/2005," $2,500.00 ",Unprompted,
REV-000028,Unknown,Donation,UNK1567,12/16/2005, $500.00 ,Unprompted,
REV-000029,C-Corp,Donation,,12/23/2005, $50.00 ,Teacher Appreciation,
REV-000030,C-HP,Donation,UNK1515,12/23/2005, $20.00 ,Community Discount Cards Fundraiser,
REV-000031,C-HP,Donation,UNK1515,12/23/2005, $60.00 ,Community Discount Cards Fundraiser,
REV-000032,Unknown,Donation,,1/6/2006, $75.00 ,Unprompted,
REV-000033,C-LCV,Donation,,1/20/2006, $100.00 ,Unprompted,
REV-000034,C-HP,Donation,UNK1515,1/31/2006, $20.00 ,Community Discount Cards Fundraiser,
REV-000035,C-HP,Donation,UNK1515,2/22/2006, $10.00 ,Community Discount Cards Fundraiser,
REV-000036,C-HP,Donation,UNK1515,3/9/2006, $10.00 ,Community Discount Cards Fundraiser,
REV-000037,Unknown,Donation,,3/9/2006, $194.30 ,Unprompted,
REV-000038,Unknown,Donation,,3/9/2006, $286.00 ,Unprompted,
REV-000039,Unknown,Donation,,3/23/2006, $800.00 ,Unprompted,
REV-000040,Unknown,Donation,,3/23/2006, $988.35 ,Unprompted,
REV-000041,Unknown,Donation,,3/23/2006," $2,500.00 ",Unprompted,
REV-000042,Unknown,Donation,,3/31/2006, $14.69 ,Unprompted,
REV-000043,Unknown,Donation,,3/31/2006," $2,100.00 ",Unprompted,
REV-000044,C-Corp,Donation,,4/25/2006, $10.00 ,Lummis Day Booth 2006,
REV-000045,C-Corp,Donation,,4/25/2006, $15.00 ,Lummis Day Booth 2006,
REV-000046,C-Corp,Donation,,4/25/2006, $20.00 ,Lummis Day Booth 2006,
REV-000047,Unknown,Donation,,4/25/2006, $300.00 ,Unprompted,
REV-000048,Unknown,Donation,,4/27/2006, $250.00 ,Unprompted,
REV-000049,Unknown,Donation,,4/27/2006," $2,100.00 ",Unprompted,
REV-000050,C-Corp,Donation,,5/17/2006, $12.00 ,Phoneraiser 2006,
REV-000051,C-Corp,Donation,,5/17/2006, $235.00 ,Teacher Appreciation,
REV-000052,C-Corp,Donation,,5/24/2006, $10.00 ,Lummis Day Booth 2006,
REV-000053,C-Corp,Donation,,5/24/2006, $20.00 ,Lummis Day Booth 2006,
REV-000054,C-Corp,Donation,,5/24/2006, $50.00 ,Teacher Appreciation,
REV-000055,Unknown,Donation,UNK1542,6/22/2006, $64.05 ,Picture Day 2006,
REV-000056,Unknown,Donation,UNK1568,6/30/2006," $1,000.00 ",Unprompted,
REV-000057,All Centers,Donation,,7/10/2006, $803.39 ,Book Fair 2006,
REV-000058,Unknown,Donation,,7/10/2006, $500.00 ,Unprompted,
REV-000059,C-HP,Donation,UNK1548,8/10/2006, $25.69 ,Cookie Dough Fundraiser,
REV-000060,Unknown,Donation,,9/13/2006, $652.66 ,Unprompted,
REV-000061,C-Corp,Donation,UNK1549,10/19/2006," $1,000.00 ",Unprompted,
REV-000062,C-Corp,Donation,,10/19/2006, $37.50 ,Phoneraiser 2006,
REV-000063,C-JP,Donation,,10/19/2006," $3,193.50 ",Unprompted,
REV-000064,C-JP,Donation,,11/2/2006," $1,537.50 ",Unprompted,
REV-000065,C-Corp,Donation,IND1064,11/10/2006," $1,000.00 ",Unprompted,
REV-000066,C-Corp,Donation,IND1438,11/10/2006, $30.00 ,Unprompted,
REV-000067,C-Corp,Donation,IND0585,12/7/2006, $50.00 ,Letter Campaign 2006,
REV-000068,C-Corp,Donation,IND1498,12/7/2006, $100.00 ,Letter Campaign 2006,
REV-000069,C-Corp,Donation,UNK1401,12/7/2006, $500.00 ,Letter Campaign 2006,
REV-000070,C-Corp,Donation,UNK1574,12/7/2006, $100.00 ,Letter Campaign 2006,
REV-000071,C-Corp,Donation,FAM0043,12/13/2006," $2,500.00 ",Letter Campaign 2006,
REV-000072,C-Corp,Donation,IND1123,12/13/2006, $100.00 ,Letter Campaign 2006,
REV-000073,C-Corp,Donation,FAM0638,12/22/2006, $100.00 ,Letter Campaign 2006,
REV-000074,C-Corp,Donation,FAM0902,12/22/2006, $200.00 ,Letter Campaign 2006,
REV-000075,C-Corp,Donation,FAM1026,12/22/2006, $50.00 ,Letter Campaign 2006,
REV-000076,C-Corp,Donation,IND1446,12/22/2006, $75.00 ,Letter Campaign 2006,
REV-000077,C-Corp,Donation,IND1467,12/22/2006, $25.00 ,Letter Campaign 2006,
REV-000078,C-Corp,Donation,IND1482,12/22/2006, $25.00 ,Letter Campaign 2006,
REV-000079,C-Corp,Donation,UNK1448,12/22/2006, $25.00 ,Letter Campaign 2006,
REV-000080,C-Corp,Donation,IND1506,12/26/2006, $25.00 ,Letter Campaign 2006,
REV-000081,C-Corp,Donation,FAM1028,12/29/2006, $25.00 ,Letter Campaign 2006,
REV-000082,C-Corp,Donation,IND0052,12/29/2006, $100.00 ,Letter Campaign 2006,
REV-000083,C-Corp,Donation,IND1420,12/29/2006, $100.00 ,Letter Campaign 2006,
REV-000084,C-Corp,Donation,IND1445,1/5/2007, $25.00 ,Letter Campaign 2006,
REV-000085,C-Corp,Donation,IND1491,1/5/2007, $50.00 ,Letter Campaign 2006,
REV-000086,C-Corp,Donation,,1/5/2007, $12.65 ,Phoneraiser 2007,
REV-000087,C-Corp,Donation,FAM0043,1/18/2007," $1,000.00 ",Letter Campaign 2006,
REV-000088,C-HP,Donation,UNK1542,1/19/2007, $153.45 ,Picture Day 2007,
REV-000089,C-LCV,Donation,,1/19/2007, $930.81 ,Rummage Sale 2007,
REV-000090,C-Corp,Donation,UNK1473,2/1/2007, $35.00 ,Letter Campaign 2006,
REV-000091,C-HP,Donation,UNK1530,2/1/2007, $806.15 ,Letter Campaign 2006,
REV-000092,C-Corp,Donation,UNK1527,2/27/2007, $50.00 ,Letter Campaign 2006,
REV-000093,C-Corp,Donation,UNK1560,2/27/2007, $500.00 ,Letter Campaign 2006,
REV-000094,C-Corp,Donation,,3/9/2007, $12.00 ,Phoneraiser 2007,
REV-000095,C-Corp,Donation,IND1457,3/30/2007, $50.00 ,Letter Campaign 2006,
REV-000096,C-Corp,Donation,IND1145,4/13/2007, $50.00 ,Letter Campaign 2006,
REV-000097,C-Corp,Donation,UNK1560,4/13/2007, $500.00 ,Unprompted,
REV-000098,C-Corp,Donation,UNK1530,5/14/2007," $1,000.00 ",Training and Staff Development; CAAEYC 2007,
REV-000099,Unknown,Donation,IND1215,5/14/2007, $150.00 ,Training and Staff Development; CAAEYC 2007,
REV-000100,Unknown,Donation,UNK1540,5/14/2007, $15.00 ,Training and Staff Development; CAAEYC 2007,
REV-000101,Unknown,Donation,UNK1542,6/29/2007, $130.89 ,Picture Day 2007,
REV-000102,Unknown,Donation,UNK1542,8/13/2007, $367.66 ,Picture Day 2007,
REV-000103,C-Corp,Donation,,8/21/2007, $22.00 ,Phoneraiser 2007,
REV-000104,C-HP,Donation,UNK1530,9/5/2007, $886.16 ,Discount School Supply Reimbursement,
REV-000105,C-Corp,Donation,,9/20/2007, $19.26 ,Phoneraiser 2007,
REV-000106,C-HP,Donation,UNK1529,10/1/2007, $512.75 ,Classroom Cameras Reimbursement,
REV-000107,C-LCV,Donation,IND1419,10/22/2007, $35.00 ,Halloween Party,
REV-000108,C-LCV,Donation,IND1479,10/25/2007, $30.00 ,Halloween Party,
REV-000109,C-LCV,Donation,IND1123,10/29/2007, $40.00 ,Halloween Party,
REV-000110,C-LCV,Donation,IND1475,10/31/2007, $20.00 ,Halloween Party,
REV-000111,C-LCV,Donation,,10/31/2007, $335.00 ,Halloween Party,
REV-000112,Unknown,Donation,IND1454,11/1/2007, $25.00 ,Unprompted,
REV-000113,C-JP,Donation,UNK1535,11/9/2007," $3,519.00 ",Wrapping Paper Sale 2007,
REV-000114,C-Corp,Donation,FAM0902,11/20/2007, $250.00 ,Letter Campaign 2007,
REV-000115,C-Corp,Donation,UNK1549,11/27/2007," $1,000.00 ",Letter Campaign 2007,
REV-000116,C-Corp,Donation,UNK1560,11/27/2007, $400.00 ,Letter Campaign 2007,
REV-000117,C-Corp,Donation,,11/27/2007, $5.00 ,Letter Campaign 2007,
REV-000118,Unknown,Donation,UNK1542,12/3/2007, $46.03 ,Picture Day 2007,
REV-000119,C-Corp,Donation,IND1420,12/6/2007, $100.00 ,Letter Campaign 2007,
REV-000120,C-Corp,Donation,IND1446,12/6/2007, $50.00 ,Letter Campaign 2007,
REV-000121,C-Corp,Donation,FAM0941,12/11/2007, $25.00 ,Letter Campaign 2007,
REV-000122,C-Corp,Donation,IND1452,12/11/2007, $100.00 ,Letter Campaign 2007,
REV-000123,C-Corp,Donation,IND1482,12/13/2007, $25.00 ,Letter Campaign 2007,
REV-000124,C-Corp,Donation,IND1184,12/17/2007, $100.00 ,Letter Campaign 2007,
REV-000125,C-Corp,Donation,IND1438,12/19/2007, $25.00 ,Letter Campaign 2007,
REV-000126,Unknown,Donation,,12/19/2007, $545.00 ,Parents' Night Out 2007,
REV-000127,C-Corp,Donation,IND1435,12/28/2007, $50.00 ,Letter Campaign 2007,
REV-000128,C-Corp,Donation,IND1461,12/28/2007, $50.00 ,Letter Campaign 2007,
REV-000129,C-Corp,Donation,IND1489,12/28/2007, $50.00 ,Letter Campaign 2007,
REV-000130,C-Corp,Donation,IND1492,12/28/2007, $50.00 ,Letter Campaign 2007,
REV-000131,C-Corp,Donation,,12/28/2007, $35.00 ,Letter Campaign 2007,
REV-000132,C-Corp,Donation,,12/28/2007, $45.00 ,Letter Campaign 2007,
REV-000133,C-Corp,Donation,FAM0043,1/3/2008," $1,000.00 ",Letter Campaign 2007,
REV-000134,C-Corp,Donation,FAM0043,1/3/2008," $2,500.00 ",Letter Campaign 2007,
REV-000135,C-Corp,Donation,FAM0638,1/3/2008, $100.00 ,Letter Campaign 2007,
REV-000136,C-Corp,Donation,IND1122,1/3/2008, $25.00 ,Letter Campaign 2007,
REV-000137,C-Corp,Donation,IND1480,1/7/2008, $75.00 ,Letter Campaign 2007,
REV-000138,C-Corp,Donation,IND1491,1/7/2008, $100.00 ,Letter Campaign 2007,
REV-000139,Unknown,Donation,UNK1542,1/25/2008, $121.75 ,Picture Day 2008,
REV-000140,C-Corp,Donation,FAM0673,1/31/2008, $50.00 ,Letter Campaign 2007,
REV-000141,C-Corp,Donation,IND1123,2/10/2008, $75.00 ,Letter Campaign 2007,
REV-000142,C-Corp,Donation,IND1496,2/11/2008, $50.00 ,Letter Campaign 2007,
REV-000143,C-Corp,Donation,,2/12/2008, $500.00 ,Letter Campaign 2007,
REV-000144,C-JP,Donation,UNK1535,2/22/2008, $88.20 ,Wrapping Paper Sale 2008,
REV-000145,C-Corp,Donation,UNK1560,3/21/2008, $400.00 ,Letter Campaign 2007,
REV-000146,Unknown,Donation,,3/21/2008, $10.00 ,Unprompted,
REV-000147,C-JP,Donation,IND1460,4/9/2008, $200.00 ,Silent Auction 2008,
REV-000148,C-JP,Donation,,4/9/2008, $228.00 ,Silent Auction 2008,
REV-000149,C-JP,Donation,,4/9/2008, $848.00 ,Silent Auction 2008,
REV-000150,C-Corp,Donation,IND1123,5/12/2008, $200.00 ,Silent Auction 2008,
REV-000151,Unknown,Donation,UNK1542,6/10/2008, $125.51 ,Picture Day 2008,
REV-000152,C-LCV,Donation,,6/25/2008," $1,449.00 ",Pool Party 2008,
REV-000153,C-LCV,Donation,,6/30/2008, $50.00 ,Pool Party 2008,
REV-000154,C-HP,Donation,UNK1515,7/9/2008," $1,300.00 ",Community Discount Cards Fundraiser,
REV-000155,C-LCV,Donation,,7/18/2008, $8.00 ,Tote Bag Sale,
REV-000156,C-Corp,Donation,FAM0043,7/28/2008, $250.00 ,Phoneraiser 2008,
REV-000157,C-Corp,Donation,FAM0902,7/28/2008, $200.00 ,Phoneraiser 2008,
REV-000158,C-Corp,Donation,FAM1409,7/28/2008, $100.00 ,Phoneraiser 2008,
REV-000159,C-Corp,Donation,IND1444,7/28/2008, $100.00 ,Phoneraiser 2008,
REV-000160,C-Corp,Donation,IND1476,7/28/2008, $50.00 ,Phoneraiser 2008,
REV-000161,C-Corp,Donation,UNK1439,7/28/2008, $40.00 ,Phoneraiser 2008,
REV-000162,C-Corp,Donation,UNK1495,7/28/2008, $100.00 ,Phoneraiser 2008,
REV-000163,C-Corp,Donation,,7/28/2008, $10.35 ,Phoneraiser 2008,
REV-000164,C-Corp,Donation,,7/28/2008, $8.00 ,Phoneraiser 2008,
REV-000165,All Centers,Donation,UNK1573,9/4/2008, $412.50 ,Book Fair 2008,
REV-000166,C-LCV,Donation,IND1505,10/6/2008, $300.00 ,Furniture Sale,
REV-000167,C-LCV,Donation,IND1505,10/6/2008, $350.00 ,Furniture Sale,
REV-000168,C-Corp,Donation,IND1123,10/20/2008, $100.00 ,Unprompted,
REV-000169,C-Corp,Donation,,11/4/2008, $7.10 ,Phoneraiser 2008,
REV-000170,C-HP,Donation,UNK1530,11/4/2008, $579.25 ,Phoneraiser 2008,
REV-000171,C-LCV,Donation,,11/4/2008, $673.47 ,Halloween Party,
REV-000172,Unknown,Donation,,11/19/2008, $475.00 ,Phoneraiser 2008,
REV-000173,Unknown,Donation,,11/19/2008, $50.00 ,Phoneraiser 2008,
REV-000174,C-Corp,Donation,UNK1549,11/24/2008," $1,000.00 ",Phoneraiser 2008,
REV-000175,C-Corp,Donation,UNK1560,11/24/2008, $400.00 ,Phoneraiser 2008,
REV-000176,C-HP,Donation,UNK1548,12/9/2008," $1,016.00 ",Cookie Dough Fundraiser,
REV-000177,C-HP,Donation,UNK1548,12/9/2008," $1,091.00 ",Cookie Dough Fundraiser,
REV-000178,C-Corp,Donation,FAM0043,12/22/2008," $2,500.00 ",Letter Campaign 2008,
REV-000179,C-Corp,Donation,FAM0638,12/22/2008, $100.00 ,Letter Campaign 2008,
REV-000180,C-Corp,Donation,FAM0902,12/22/2008, $500.00 ,Letter Campaign 2008,
REV-000181,C-Corp,Donation,IND0513,12/22/2008, $50.00 ,Letter Campaign 2008,
REV-000182,C-Corp,Donation,IND1122,12/22/2008, $25.00 ,Letter Campaign 2008,
REV-000183,C-Corp,Donation,IND1405,12/22/2008, $25.00 ,Letter Campaign 2008,
REV-000184,C-Corp,Donation,IND1420,12/22/2008, $100.00 ,Letter Campaign 2008,
REV-000185,C-Corp,Donation,IND1424,12/22/2008, $30.00 ,Letter Campaign 2008,
REV-000186,C-Corp,Donation,IND1446,12/22/2008, $50.00 ,Letter Campaign 2008,
REV-000187,C-Corp,Donation,IND1494,12/22/2008, $40.00 ,Letter Campaign 2008,
REV-000188,C-HP,Donation,UNK1548,12/22/2008, $12.00 ,Cookie Dough Fundraiser,
REV-000189,C-Corp,Donation,FAM0941,12/23/2008, $35.00 ,Letter Campaign 2008,
REV-000190,C-Corp,Donation,IND1464,12/31/2008, $100.00 ,Letter Campaign 2008,
REV-000191,C-Corp,Donation,IND1484,12/31/2008, $100.00 ,Letter Campaign 2008,
REV-000192,C-Corp,Donation,FAM0043,1/2/2009," $2,000.00 ",Letter Campaign 2008,
REV-000193,C-Corp,Donation,IND1426,1/8/2009, $10.00 ,Letter Campaign 2008,
REV-000194,C-Corp,Donation,IND1482,1/12/2009, $25.00 ,Letter Campaign 2008,
REV-000195,C-HP,Donation,,1/23/2009, $26.00 ,Letter Campaign 2008,
REV-000196,C-HP,Donation,UNK1545,2/4/2009, $63.66 ,Lovable Labels Fundraiser,
REV-000197,C-HP,Donation,UNK1542,2/9/2009, $127.73 ,Picture Day 2009,
REV-000198,C-HP,Donation,UNK1548,2/9/2009, $14.00 ,Cookie Dough Fundraiser,
REV-000199,C-LCV,Donation,,2/9/2009, $21.00 ,Friendship Party,
REV-000200,C-HP,Donation,UNK1548,2/25/2009, $358.00 ,Cookie Dough Fundraiser,
REV-000201,C-LCV,Donation,,3/13/2009, $709.00 ,Rummage Sale 2009,
REV-000202,C-Corp,Donation,,3/23/2009, $38.00 ,Rummage Sale,
REV-000203,C-HP,Donation,UNK1548,3/23/2009, $20.00 ,Cookie Dough Fundraiser,
REV-000204,C-JP,Donation,,3/23/2009, $40.00 ,Rummage Sale,
REV-000205,C-LCV,Donation,,3/23/2009, $161.55 ,Breakfast to Go Fundraiser,
REV-000206,C-HP,Donation,UNK1548,4/3/2009, $56.00 ,Cookie Dough Fundraiser,
REV-000207,C-LCV,Donation,,4/3/2009, $82.00 ,Bunny Fundraiser,
REV-000208,C-LCV,Donation,,4/3/2009, $150.00 ,Handprints Fundraiser,
REV-000209,C-LCV,Donation,,4/3/2009, $30.00 ,Handprints Fundraiser,
REV-000210,C-HP,Donation,IND1452,4/16/2009, $200.00 ,Tupperware Fundraiser,
REV-000211,C-HP,Donation,UNK1560,4/16/2009, $350.00 ,Tupperware Fundraiser,
REV-000212,C-HP,Donation,,4/16/2009, $408.40 ,Tupperware Fundraiser,
REV-000213,C-LCV,Donation,,4/16/2009, $187.00 ,Handprints Fundraiser,
REV-000214,C-LCV,Donation,,4/21/2009, $188.00 ,Breakfast to Go Fundraiser,
REV-000215,C-LCV,Donation,,4/21/2009, $21.00 ,Bunny Fundraiser,
REV-000216,C-LCV,Donation,,4/21/2009, $142.00 ,Handprints Fundraiser,
REV-000217,C-LCV,Donation,UNK1542,5/1/2009, $137.31 ,Picture Day 2009,
REV-000218,C-LCV,Donation,,5/1/2009, $10.00 ,Handprints Fundraiser,
REV-000219,All Centers,Donation,UNK1511,5/6/2009, $500.00 ,Book Fair 2009,
REV-000220,C-LCV,Donation,,6/1/2009, $150.50 ,Breakfast to Go Fundraiser,
REV-000221,C-LCV,Donation,,6/1/2009, $185.00 ,T-Shirt Fundraiser,
REV-000222,C-LCV,Donation,,6/2/2009, $25.00 ,T-Shirt Fundraiser,
REV-000223,C-HP,Donation,,6/4/2009," $1,066.00 ",Art Sale 2009,
REV-000224,C-HP,Donation,UNK1542,6/17/2009, $137.89 ,Picture Day 2009,
REV-000225,C-LCV,Donation,,6/17/2009, $125.75 ,Breakfast to Go Fundraiser,
REV-000226,C-LCV,Donation,,6/26/2009," $1,085.97 ",Pool Party 2009,
REV-000227,C-HP,Donation,,6/30/2009, $17.00 ,Silent Auction 2009,
REV-000228,C-LCV,Donation,,7/8/2009, $6.00 ,Breakfast to Go Fundraiser,
REV-000229,C-LCV,Donation,,7/8/2009, $173.00 ,Breakfast to Go Fundraiser,
REV-000230,C-JP,Donation,IND1460,7/17/2009, $200.00 ,Music Class Fundraiser,
REV-000231,C-JP,Donation,UNK1552,7/28/2009, $372.37 ,Unprompted,
REV-000232,C-LCV,Donation,FAM1039,8/17/2009, $50.00 ,Unprompted,
REV-000233,C-LCV,Donation,,9/3/2009, $99.00 ,Cafe Wednesdays,
REV-000234,C-LCV,Donation,,9/3/2009, $58.00 ,T-Shirt Fundraiser,
REV-000235,All Centers,Donation,UNK1511,9/21/2009, $405.00 ,Book Fair 2009,
REV-000236,C-LCV,Donation,,10/6/2009, $131.50 ,Cafe Wednesdays,
REV-000237,C-LCV,Donation,,10/6/2009, $30.00 ,Pictures Fundraiser,
REV-000238,C-LCV,Donation,,10/6/2009, $50.00 ,T-Shirt Fundraiser,
REV-000239,C-HP,Donation,,10/16/2009, $60.81 ,Unprompted,
REV-000240,C-JP,Donation,,10/16/2009," $1,260.00 ",Ticket Fundraiser,
REV-000241,C-LCV,Donation,,10/16/2009, $12.00 ,Pictures Fundraiser,
REV-000242,C-LCV,Donation,,10/21/2009, $20.00 ,T-Shirt Fundraiser,
REV-000243,C-LCV,Donation,,11/5/2009, $836.50 ,Halloween Party,
REV-000244,C-JP,Donation,,11/13/2009, $60.00 ,Ticket Fundraiser,
REV-000245,C-LCV,Donation,IND0585,11/25/2009, $120.00 ,Breakfast to Go Fundraiser,
REV-000246,C-LCV,Donation,,11/25/2009, $94.00 ,Breakfast to Go Fundraiser,
REV-000247,C-Corp,Donation,UNK1560,12/3/2009, $250.00 ,Letter Campaign 2009,
REV-000248,C-LCV,Donation,UNK1549,12/7/2009, $750.00 ,Letter Campaign 2009,
REV-000249,C-Corp,Donation,FAM1430,12/12/2009, $75.00 ,Letter Campaign 2009,
REV-000250,C-Corp,Donation,IND0513,12/14/2009, $50.00 ,Letter Campaign 2009,
REV-000251,C-Corp,Donation,FAM0043,12/15/2009," $5,000.00 ",Letter Campaign 2009,
REV-000252,C-Corp,Donation,FAM1024,12/19/2009, $100.00 ,Letter Campaign 2009,
REV-000253,C-Corp,Donation,IND1123,12/21/2009, $50.00 ,Letter Campaign 2009,
REV-000254,C-Corp,Donation,IND1405,12/22/2009, $25.00 ,Letter Campaign 2009,
REV-000255,C-JP,Donation,,12/22/2009, $322.55 ,Teacher Appreciation,
REV-000256,C-JP,Donation,,12/22/2009, $555.00 ,Teacher Appreciation,
REV-000257,C-LCV,Donation,UNK1542,12/22/2009, $140.46 ,Picture Day 2009,
REV-000258,C-Corp,Donation,IND1492,12/23/2009, $100.00 ,Letter Campaign 2009,
REV-000259,C-Corp,Donation,IND1435,12/28/2009, $50.00 ,Letter Campaign 2009,
REV-000260,C-Corp,Donation,IND1452,12/28/2009, $50.00 ,Letter Campaign 2009,
REV-000261,C-Corp,Donation,IND1482,12/28/2009, $25.00 ,Letter Campaign 2009,
REV-000262,C-Corp,Donation,IND1406,12/29/2009, $18.00 ,Letter Campaign 2009,
REV-000263,C-Corp,Donation,IND1446,12/29/2009, $75.00 ,Letter Campaign 2009,
REV-000264,C-Corp,Donation,FAM0638,12/31/2009, $100.00 ,Letter Campaign 2009,
REV-000265,C-Corp,Donation,IND1064,1/6/2010, $100.00 ,Letter Campaign 2009,
REV-000266,C-JP,Donation,,1/6/2010, $40.00 ,Raffle,
REV-000267,C-LCV,Donation,,1/6/2010, $68.00 ,Raffle,
REV-000268,C-LCV,Donation,UNK1542,1/15/2010, $149.84 ,Picture Day 2010,
REV-000269,C-JP,Donation,UNK1537,1/22/2010, $238.38 ,Johnny Rockets Rundraiser,
REV-000270,C-LCV,Donation,,1/22/2010, $95.20 ,Cafe Wednesdays,
REV-000271,C-Corp,Donation,FAM0043,1/27/2010," $1,000.00 ",Letter Campaign 2009,
REV-000272,C-Corp,Donation,FAM0340,2/2/2010, $100.00 ,Letter Campaign 2009,
REV-000273,C-HP,Donation,UNK1542,2/4/2010, $130.39 ,Picture Day 2010,
REV-000274,C-LCV,Donation,UNK1542,2/4/2010, $42.60 ,Picture Day 2010,
REV-000275,C-LCV,Donation,,2/4/2010, $10.00 ,T-Shirt Fundraiser,
REV-000276,C-LCV,Donation,,2/4/2010, $100.00 ,T-Shirt Fundraiser,
REV-000277,C-Corp,Donation,IND1464,2/22/2010, $50.00 ,Letter Campaign 2009,
REV-000278,C-LCV,Donation,,2/22/2010, $17.00 ,Cafe Wednesdays,
REV-000279,C-LCV,Donation,,3/4/2010, $10.00 ,T-Shirt Fundraiser,
REV-000280,C-LCV,Donation,,3/18/2010, $131.91 ,Cafe Wednesdays,
REV-000281,C-LCV,Donation,,3/25/2010, $8.00 ,Cafe Wednesdays,
REV-000282,C-Corp,Donation,UNK1560,4/2/2010, $250.00 ,Letter Campaign 2009,
REV-000283,C-JP,Donation,UNK1548,4/26/2010, $250.50 ,Midland Fundraiser,
REV-000284,C-JP,Donation,UNK1548,4/26/2010," $1,079.00 ",Midland Fundraiser,
REV-000285,C-JP,Donation,UNK1548,4/26/2010," $1,623.50 ",Midland Fundraiser,
REV-000286,All Centers,Donation,UNK1573,5/21/2010, $105.44 ,Book Fair 2010,
REV-000287,All Centers,Donation,UNK1573,5/21/2010, $330.06 ,Book Fair 2010,
REV-000288,C-LCV,Donation,UNK1542,6/4/2010, $90.25 ,Picture Day 2010,
REV-000289,C-LCV,Donation,,6/4/2010, $116.00 ,Cafe Wednesdays,
REV-000290,C-LCV,Donation,,6/4/2010, $362.35 ,Rummage Sale 2010,
REV-000291,C-JP,Donation,UNK1563,6/15/2010, $644.31 ,Smart Circle Fundraiser,
REV-000292,C-JP,Donation,,6/29/2010, $90.00 ,T-Shirt Fundraiser,
REV-000293,C-JP,Donation,,6/30/2010, $10.00 ,T-Shirt Fundraiser,
REV-000294,C-HP,Donation,UNK1542,7/9/2010, $108.58 ,Picture Day 2010,
REV-000295,C-LCV,Donation,,7/22/2010, $139.35 ,Cafe Wednesdays,
REV-000296,C-LCV,Donation,,7/22/2010, $25.00 ,Pool Party 2010,
REV-000297,C-LCV,Donation,,7/22/2010, $10.00 ,T-Shirt Fundraiser,
REV-000298,C-Corp,Donation,IND1446,8/5/2010, $100.00 ,T-Shirt Fundraiser,
REV-000299,C-JP,Donation,,8/5/2010, $14.40 ,Summer Sale,
REV-000300,C-JP,Donation,,8/5/2010, $10.00 ,T-Shirt Fundraiser,
REV-000301,C-LCV,Donation,UNK1513,8/5/2010, $10.00 ,Child Related Research Fundraiser,
REV-000302,C-LCV,Donation,,8/5/2010, $10.00 ,Cafe Wednesdays,
REV-000303,C-LCV,Donation,,8/5/2010, $516.62 ,Pool Party 2010,
REV-000304,C-LCV,Donation,FAM1427,9/3/2010, $100.00 ,Unprompted,
REV-000305,C-LCV,Donation,,9/16/2010, $72.52 ,Cafe Wednesdays,
REV-000306,C-LCV,Donation,,9/27/2010, $8.00 ,Cafe Wednesdays,
REV-000307,C-LCV,Donation,UNK1513,10/28/2010, $10.00 ,Child Related Research Fundraiser,
REV-000308,C-LCV,Donation,,10/28/2010," $1,017.95 ",Halloween Party,
REV-000309,C-LCV,Donation,IND0513,11/9/2010, $20.00 ,Unprompted,
REV-000310,C-LCV,Donation,IND0513,11/9/2010, $20.00 ,Unprompted,
REV-000311,C-JP,Donation,IND1490,11/15/2010, $50.00 ,Unprompted,
REV-000312,C-HP,Donation,UNK1528,11/18/2010, $55.29 ,Goodsearch / Goodshop Fundraiser,
REV-000313,C-JP,Donation,UNK1528,11/18/2010, $55.29 ,Goodsearch / Goodshop Fundraiser,
REV-000314,C-JP,Donation,UNK1572,11/18/2010, $31.77 ,Costume Club,
REV-000315,C-LCV,Donation,UNK1528,11/18/2010, $55.29 ,Goodsearch / Goodshop Fundraiser,
REV-000316,C-LCV,Donation,,11/23/2010, $110.00 ,Art Sale 2010,
REV-000317,C-JP,Donation,,11/29/2010, $664.50 ,Unprompted,
REV-000318,C-JP,Donation,,11/29/2010," $1,203.50 ",Unprompted,
REV-000319,C-Corp,Donation,UNK1560,12/3/2010, $250.00 ,Unprompted,
REV-000320,C-LCV,Donation,UNK1542,12/7/2010, $106.00 ,Picture Day 2010,
REV-000321,C-Corp,Donation,IND1446,12/14/2010, $100.00 ,Unprompted,
REV-000322,C-JP,Donation,UNK1542,12/15/2010, $230.96 ,Picture Day 2010,
REV-000323,C-JP,Donation,UNK1547,12/15/2010, $31.20 ,Mary Kay Ash Foundation Fundraiser,
REV-000324,C-JP,Donation,UNK1563,12/15/2010, $312.53 ,Smart Circle Fundraiser,
REV-000325,C-LCV,Donation,UNK1574,12/15/2010, $100.00 ,Unprompted,
REV-000326,C-LCV,Donation,,12/20/2010, $10.00 ,T-Shirt Fundraiser,
REV-000327,C-LCV,Donation,,12/22/2010, $205.00 ,Teacher Appreciation,
REV-000328,C-Corp,Donation,FAM0043,12/23/2010," $5,000.00 ",Letter Campaign 2010,
REV-000329,C-Corp,Donation,IND1123,12/29/2010, $50.00 ,Letter Campaign 2010,
REV-000330,C-Corp,Donation,IND0513,1/6/2011, $50.00 ,Letter Campaign 2010,
REV-000331,C-Corp,Donation,FAM1430,1/14/2011, $50.00 ,Letter Campaign 2010,
REV-000332,C-Corp,Donation,FAM0340,1/17/2011, $100.00 ,Letter Campaign 2010,
REV-000333,C-Corp,Donation,FAM1030,1/17/2011, $50.00 ,Letter Campaign 2010,
REV-000334,C-Corp,Donation,FAM1409,1/17/2011, $100.00 ,Letter Campaign 2010,
REV-000335,C-Corp,Donation,IND1034,1/17/2011, $25.00 ,Letter Campaign 2010,
REV-000336,C-Corp,Donation,IND1406,1/17/2011, $36.00 ,Letter Campaign 2010,
REV-000337,C-Corp,Donation,UNK1580,1/17/2011, $75.00 ,Letter Campaign 2010,
REV-000338,C-Corp,Donation,IND1122,1/19/2011, $50.00 ,Letter Campaign 2010,
REV-000339,C-Corp,Donation,IND1452,1/19/2011, $50.00 ,Letter Campaign 2010,
REV-000340,C-LCV,Donation,UNK1542,1/24/2011, $59.86 ,Picture Day 2011,
REV-000341,C-Corp,Donation,FAM0043,1/26/2011," $1,500.00 ",Letter Campaign 2010,
REV-000342,C-LCV,Donation,,1/26/2011, $58.00 ,Cafe Wednesdays,
REV-000343,C-Corp,Donation,FAM0941,2/1/2011, $40.00 ,Letter Campaign 2010,
REV-000344,C-Corp,Donation,IND1145,2/4/2011, $50.00 ,Letter Campaign 2010,
REV-000345,C-Corp,Donation,IND1064,2/7/2011, $100.00 ,Letter Campaign 2010,
REV-000346,C-HP,Donation,IND1123,2/9/2011, $50.00 ,Unprompted,
REV-000347,C-HP,Donation,IND0513,2/10/2011, $50.00 ,Unprompted,
REV-000348,C-HP,Donation,UNK1542,2/17/2011, $95.10 ,Picture Day 2011,
REV-000349,C-HP,Donation,IND0513,2/25/2011, $50.00 ,Unprompted,
REV-000350,C-Corp,Donation,UNK1579,2/28/2011, $300.00 ,Unprompted,
REV-000351,C-JP,Donation,,3/2/2011, $15.00 ,Cafe Wednesdays,
REV-000352,C-JP,Donation,,3/11/2011, $17.00 ,Cafe Wednesdays,
REV-000353,C-JP,Donation,,4/1/2011, $10.00 ,Cafe Wednesdays,
REV-000354,C-LCV,Donation,,4/1/2011, $113.75 ,Cafe Wednesdays,
REV-000355,C-JP,Donation,,4/13/2011, $11.00 ,Cafe Wednesdays,
REV-000356,C-JP,Donation,UNK1563,4/18/2011, $56.62 ,Smart Circle Fundraiser,
REV-000357,C-LCV,Donation,UNK1531,4/18/2011, $500.00 ,Noise Remediation Fundraiser,
REV-000358,C-LCV,Donation,IND1411,4/28/2011, $100.00 ,Noise Remediation Fundraiser,
REV-000359,C-JP,Donation,,5/6/2011, $24.00 ,Cafe Wednesdays,
REV-000360,C-LCV,Donation,,5/11/2011, $10.00 ,T-Shirt Fundraiser,
REV-000361,C-LCV,Donation,,5/18/2011, $10.00 ,T-Shirt Fundraiser,
REV-000362,C-LCV,Donation,UNK1542,5/24/2011, $147.93 ,Picture Day 2011,
REV-000363,C-LCV,Donation,,5/27/2011, $160.50 ,Cafe Wednesdays,
REV-000364,C-Corp,Donation,FAM0902,5/31/2011, $900.00 ,Noise Remediation Fundraiser,
REV-000365,C-HP,Donation,FAM1471,6/3/2011, $400.00 ,Unprompted,
REV-000366,C-LCV,Donation,UNK1510,6/14/2011, $396.93 ,Big Sunday Reimbursement,
REV-000367,C-HP,Donation,UNK1542,6/23/2011, $113.63 ,Picture Day 2011,
REV-000368,C-Corp,Donation,FAM0902,6/30/2011, $100.00 ,Noise Remediation Fundraiser,
REV-000369,C-Corp,Donation,FAM0902,7/31/2011, $200.00 ,Noise Remediation Fundraiser,
REV-000370,C-JP,Donation,,8/4/2011, $20.00 ,T-Shirt Fundraiser,
REV-000371,C-LCV,Donation,,8/12/2011, $135.00 ,Camp Night Raffle,
REV-000372,C-LCV,Donation,IND1411,8/16/2011, $100.00 ,Camp Night Raffle,
REV-000373,C-LCV,Donation,,8/16/2011, $20.00 ,Camp Night Raffle,
REV-000374,C-LCV,Donation,,8/22/2011, $315.00 ,Camp Night Raffle,
REV-000375,C-Corp,Donation,FAM0902,8/31/2011, $200.00 ,Noise Remediation Fundraiser,
REV-000376,C-JP,Donation,UNK1542,9/2/2011, $340.40 ,Picture Day 2011,
REV-000377,C-JP,Donation,,9/2/2011, $10.00 ,T-Shirt Fundraiser,
REV-000378,C-LCV,Donation,,9/12/2011, $3.50 ,Unprompted,
REV-000379,C-LCV,Donation,,9/23/2011, $10.00 ,T-Shirt Fundraiser,
REV-000380,C-Corp,Donation,FAM0902,9/30/2011, $200.00 ,Unprompted,
REV-000381,C-JP,Donation,,10/11/2011, $25.00 ,Unprompted,
REV-000382,C-LCV,Donation,UNK1514,10/13/2011," $2,500.00 ",Noise Remediation Fundraiser,
REV-000383,C-Corp,Donation,IND1404,10/18/2011, $250.00 ,Unprompted,
REV-000384,C-JP,Donation,UNK1548,10/25/2011, $824.50 ,Midland Fundraiser,
REV-000385,C-JP,Donation,UNK1548,10/25/2011," $1,082.00 ",Midland Fundraiser,
REV-000386,C-LCV,Donation,,10/25/2011," $1,263.00 ",Halloween Party,
REV-000387,C-Corp,Donation,FAM0902,10/31/2011, $200.00 ,Unprompted,
REV-000388,C-JP,Donation,,11/16/2011, $10.00 ,Unprompted,
REV-000389,C-JP,Donation,FAM1465,11/21/2011, $50.00 ,Unprompted,
REV-000390,C-LCV,Donation,IND0585,11/22/2011, $50.00 ,Noise Remediation Fundraiser,
REV-000391,C-JP,Donation,UNK1522,11/27/2011, $100.00 ,Dog Haus Fundraiser,
REV-000392,C-Corp,Donation,FAM0902,11/30/2011, $200.00 ,Noise Remediation Fundraiser,
REV-000393,C-Corp,Donation,UNK1528,12/7/2011, $52.86 ,Goodsearch / Goodshop Fundraiser,
REV-000394,C-Corp,Donation,UNK1528,12/7/2011, $52.86 ,Goodsearch / Goodshop Fundraiser,
REV-000395,C-Corp,Donation,UNK1528,12/7/2011, $52.87 ,Goodsearch / Goodshop Fundraiser,
REV-000396,C-Corp,Donation,UNK1542,12/7/2011, $124.15 ,Picture Day 2011,
REV-000397,C-Corp,Donation,UNK1548,12/7/2011, $80.00 ,Midland Fundraiser,
REV-000398,C-JP,Donation,UNK1572,12/7/2011, $53.99 ,Costume Club,
REV-000399,C-JP,Donation,UNK1572,12/7/2011, $53.99 ,Costume Club,
REV-000400,C-JP,Donation,UNK1572,12/7/2011, $53.99 ,Costume Club,
REV-000401,C-LCV,Donation,,12/12/2011, $93.50 ,Cafe Wednesdays,
REV-000402,C-LCV,Donation,,12/12/2011, $35.00 ,Halloween Party,
REV-000403,C-JP,Donation,,12/16/2011, $28.00 ,Give Back,
REV-000404,C-Corp,Donation,FAM0020,12/21/2011, $50.00 ,Letter Campaign 2011,
REV-000405,C-Corp,Donation,FAM1030,12/21/2011, $50.00 ,Letter Campaign 2011,
REV-000406,C-Corp,Donation,FAM0043,12/23/2011," $5,000.00 ",Letter Campaign 2011,
REV-000407,C-Corp,Donation,FAM0340,12/27/2011, $100.00 ,Letter Campaign 2011,
REV-000408,C-Corp,Donation,IND1405,12/27/2011, $25.00 ,Letter Campaign 2011,
REV-000409,C-Corp,Donation,IND1455,12/27/2011, $100.00 ,Letter Campaign 2011,
REV-000410,C-Corp,Donation,IND1464,12/27/2011, $100.00 ,Letter Campaign 2011,
REV-000411,C-LCV,Donation,UNK1544,12/27/2011," $2,550.00 ",Noise Remediation Fundraiser,
REV-000412,C-Corp,Donation,IND1123,12/28/2011, $100.00 ,Letter Campaign 2011,
REV-000413,C-Corp,Donation,FAM0177,12/29/2011, $150.00 ,Letter Campaign 2011,
REV-000414,C-Corp,Donation,IND0513,12/29/2011, $100.00 ,Letter Campaign 2011,
REV-000415,C-Corp,Donation,IND1446,12/29/2011, $50.00 ,Letter Campaign 2011,
REV-000416,C-Corp,Donation,IND1145,12/30/2011, $50.00 ,Letter Campaign 2011,
REV-000417,C-Corp,Donation,IND1406,12/30/2011, $18.00 ,Letter Campaign 2011,
REV-000418,C-Corp,Donation,IND1423,12/30/2011, $50.00 ,Letter Campaign 2011,
REV-000419,C-Corp,Donation,FAM0902,12/31/2011, $200.00 ,Noise Remediation Fundraiser,
REV-000420,C-Corp,Donation,IND0052,12/31/2011, $100.00 ,Letter Campaign 2011,
REV-000421,C-Corp,Donation,IND1034,12/31/2011, $50.00 ,Letter Campaign 2011,
REV-000422,C-Corp,Donation,IND1488,12/31/2011, $25.00 ,Letter Campaign 2011,
REV-000423,C-Corp,Donation,IND1246,1/6/2012, $40.00 ,Extra,
REV-000424,C-JP,Donation,UNK1524,1/6/2012, $11.85 ,EcoPhones Fundraiser,
REV-000425,C-Corp,Donation,UNK1569,1/9/2012, $250.00 ,Noise Remediation Fundraiser,
REV-000426,C-Corp,Donation,FAM0043,1/10/2012," $1,500.00 ",Letter Campaign 2011,
REV-000427,C-Corp,Donation,FAM0638,1/13/2012, $100.00 ,Letter Campaign 2011,
REV-000428,C-LCV,Donation,,1/13/2012, $128.00 ,Cafe Wednesdays,
REV-000429,C-LCV,Donation,FAM1503,1/14/2012, $50.00 ,Noise Remediation Fundraiser,
REV-000430,C-LCV,Donation,,1/18/2012, $15.00 ,Extra,
REV-000431,C-HP,Donation,UNK1542,1/27/2012, $120.83 ,Picture Day 2012,
REV-000432,C-LCV,Donation,,1/27/2012, $10.00 ,T-Shirt Fundraiser,
REV-000433,C-LCV,Donation,UNK1571,1/30/2012, $100.00 ,Noise Remediation Fundraiser,
REV-000434,C-Corp,Donation,FAM0902,1/31/2012, $200.00 ,Noise Remediation Fundraiser,
REV-000435,C-HP,Donation,UNK1521,2/3/2012, $74.24 ,Discount School Supply Reimbursement,
REV-000436,C-LCV,Donation,UNK1521,2/3/2012, $285.22 ,Discount School Supply Refund Of Overpayment,
REV-000437,C-LCV,Donation,,2/3/2012, $118.00 ,Cafe Wednesdays,
REV-000438,C-LCV,Donation,IND1123,2/6/2012, $80.00 ,Noise Remediation Fundraiser,
REV-000439,C-HP,Donation,,2/10/2012, $108.00 ,Buttons Fundraiser,
REV-000440,C-JP,Donation,UNK1570,2/20/2012, $50.00 ,Unprompted,
REV-000441,C-LCV,Donation,FAM1427,2/21/2012, $100.00 ,Noise Remediation Fundraiser,
REV-000442,C-Corp,Donation,FAM0902,2/29/2012, $200.00 ,Noise Remediation Fundraiser,
REV-000443,C-HP,Donation,,2/29/2012, $54.00 ,Buttons Fundraiser,
REV-000444,C-HP,Donation,,2/29/2012, $33.60 ,Cafe Wednesdays,
REV-000445,C-HP,Donation,,3/5/2012, $17.00 ,Cafe Wednesdays,
REV-000446,C-LCV,Donation,FAM1039,3/16/2012, $150.00 ,Noise Remediation Fundraiser,
REV-000447,C-LCV,Donation,IND1123,3/16/2012, $50.00 ,Noise Remediation Fundraiser,
REV-000448,C-LCV,Donation,,3/16/2012, $100.00 ,Cafe Wednesdays,
REV-000449,C-LCV,Donation,,3/22/2012, $8.00 ,Cafe Wednesdays,
REV-000450,C-LCV,Donation,FAM0883,3/30/2012, $12.50 ,Noise Remediation Fundraiser,
REV-000451,C-Corp,Donation,FAM0902,3/31/2012, $200.00 ,Noise Remediation Fundraiser,
REV-000452,C-LCV,Donation,,4/4/2012, $89.00 ,Cafe Wednesdays,
REV-000453,C-LCV,Donation,,4/6/2012, $7.00 ,Cafe Wednesdays,
REV-000454,C-JP,Donation,UNK1548,4/12/2012, $750.00 ,Midland Fundraiser,
REV-000455,C-JP,Donation,UNK1548,4/12/2012, $967.00 ,Midland Fundraiser,
REV-000456,C-JP,Donation,UNK1558,4/12/2012, $27.53 ,Unprompted,
REV-000457,C-LCV,Donation,,4/12/2012, $8.50 ,Cafe Wednesdays,
REV-000458,C-JP,Donation,UNK1563,4/18/2012, $123.18 ,Smart Circle Fundraiser,
REV-000459,C-JP,Donation,,4/24/2012," $4,317.00 ",Silent Auction 2012,
REV-000460,C-JP,Donation,,4/27/2012, $380.00 ,Silent Auction 2012,
REV-000461,C-Corp,Donation,FAM0902,4/30/2012, $200.00 ,Noise Remediation Fundraiser,
REV-000462,C-LCV,Donation,,5/4/2012, $110.00 ,Cafe Wednesdays,
REV-000463,C-LCV,Donation,,5/4/2012, $374.50 ,Rummage Sale 2012,
REV-000464,C-LCV,Donation,UNK1542,5/11/2012, $87.78 ,Picture Day 2012,
REV-000465,C-LCV,Donation,,5/11/2012," $1,500.00 ",Noise Remediation Fundraiser,
REV-000466,C-JP,Donation,,5/18/2012, $55.00 ,Silent Auction 2012,
REV-000467,C-LCV,Donation,FAM0902,5/31/2012, $200.00 ,Noise Remediation Fundraiser,
REV-000468,C-LCV,Donation,,6/8/2012, $92.00 ,Cafe Wednesdays,
REV-000469,C-JP,Donation,,6/27/2012, $10.00 ,Martha's Photo Fundraiser,
REV-000470,C-JP,Donation,,6/27/2012, $128.00 ,Movie Night,
REV-000471,C-LCV,Donation,,6/27/2012, $8.00 ,Cafe Wednesdays,
REV-000472,C-LCV,Donation,IND0513,6/29/2012, $50.00 ,Pool Party 2012,
REV-000473,C-LCV,Donation,IND1123,6/29/2012, $50.00 ,Pool Party 2012,
REV-000474,C-LCV,Donation,,6/30/2012," $1,107.00 ",Pool Party 2012,
REV-000475,C-LCV,Donation,,7/17/2012, $109.00 ,Cafe Wednesdays,
REV-000476,C-LCV,Donation,,7/17/2012, $25.00 ,Furniture Sale,
REV-000477,C-Corp,Donation,FAM0902,7/31/2012, $200.00 ,Unprompted,
REV-000478,C-LCV,Donation,,8/3/2012, $80.00 ,Cafe Wednesdays,
REV-000479,C-HP,Donation,UNK1542,8/9/2012, $95.13 ,Picture Day 2012,
REV-000480,C-JP,Donation,UNK1542,8/28/2012, $180.72 ,Picture Day 2012,
REV-000481,C-Corp,Donation,FAM0902,8/31/2012, $200.00 ,Noise Remediation Fundraiser,
REV-000482,C-LCV,Donation,,9/7/2012, $68.00 ,Cafe Wednesdays,
REV-000483,C-Corp,Donation,IND1490,9/18/2012, $100.00 ,Unprompted,
REV-000484,C-JP,Donation,UNK1524,9/18/2012, $17.30 ,EcoPhones Fundraiser,
REV-000485,C-Corp,Donation,FAM0902,9/30/2012, $200.00 ,Unprompted,
REV-000486,C-Corp,Donation,FAM0902,9/30/2012, $200.00 ,Unprompted,
REV-000487,C-JP,Donation,UNK1561,10/3/2012, $110.92 ,Shakey's Fundraiser,
REV-000488,C-JP,Donation,UNK1565,10/3/2012, $55.00 ,Unprompted,
REV-000489,C-LCV,Donation,,10/4/2012, $76.00 ,Cafe Wednesdays,
REV-000490,C-LCV,Donation,,10/4/2012, $30.00 ,T-Shirt Fundraiser,
REV-000491,C-LCV,Donation,IND1443,10/11/2012, $4.00 ,Cafe Wednesdays,
REV-000492,C-JP,Donation,UNK1526,10/22/2012, $260.00 ,Two Milk Minimum 2012,
REV-000493,C-JP,Donation,UNK1548,10/22/2012, $745.00 ,Midland Fundraiser,
REV-000494,C-Corp,Donation,FAM0902,10/31/2012, $200.00 ,Unprompted,
REV-000495,C-LCV,Donation,,10/31/2012," $1,049.00 ",Halloween Party,
REV-000496,C-JP,Donation,,11/1/2012, $67.24 ,Sports Marketing Fundraiser,
REV-000497,C-LCV,Donation,,11/1/2012, $10.00 ,T-Shirt Fundraiser,
REV-000498,C-LCV,Donation,,11/9/2012, $71.05 ,Cafe Wednesdays,
REV-000499,C-LCV,Donation,UNK1542,11/17/2012, $109.24 ,Picture Day 2012,
REV-000500,C-Corp,Donation,FAM0902,11/30/2012, $200.00 ,Unprompted,
REV-000501,C-Corp,Donation,IND1405,12/3/2012, $30.00 ,Letter Campaign 2012,
REV-000502,C-Corp,Donation,UNK1528,12/5/2012, $18.40 ,Goodsearch / Goodshop Fundraiser,
REV-000503,C-Corp,Donation,UNK1528,12/5/2012, $18.40 ,Goodsearch / Goodshop Fundraiser,
REV-000504,C-Corp,Donation,UNK1528,12/5/2012, $18.41 ,Goodsearch / Goodshop Fundraiser,
REV-000505,C-HP,Donation,UNK1542,12/5/2012, $67.27 ,Picture Day 2012,
REV-000506,C-JP,Donation,,12/5/2012, $770.00 ,Letter Campaign 2012,
REV-000507,C-LCV,Donation,,12/5/2012, $23.00 ,T-Shirt Fundraiser,
REV-000508,C-LCV,Donation,FAM0177,12/11/2012, $150.00 ,Birthday Fundraiser,
REV-000509,C-JP,Donation,,12/14/2012, $275.00 ,Letter Campaign 2012,
REV-000510,C-Corp,Donation,,12/20/2012, $115.00 ,Teacher Appreciation,
REV-000511,C-LCV,Donation,,12/20/2012, $20.00 ,T-Shirt Fundraiser,
REV-000512,C-Corp,Donation,FAM0043,12/26/2012," $5,000.00 ",Letter Campaign 2012,
REV-000513,C-Corp,Donation,FAM0177,12/28/2012, $300.00 ,Letter Campaign 2012,
REV-000514,C-Corp,Donation,FAM0902,12/31/2012, $200.00 ,Letter Campaign 2012,
REV-000515,C-JP,Donation,UNK1542,1/2/2013, $50.00 ,Picture Day 2013,
REV-000516,C-JP,Donation,,1/2/2013, $55.00 ,Letter Campaign 2012,
REV-000517,C-Corp,Donation,FAM0043,1/7/2013," $1,000.00 ",Letter Campaign 2012,
REV-000518,C-LCV,Donation,,1/18/2013, $106.00 ,Cafe Wednesdays,
REV-000519,C-JP,Donation,UNK1517,1/25/2013, $35.01 ,Costume Supercenter Fundraiser,
REV-000520,C-JP,Donation,UNK1524,1/25/2013, $10.70 ,EcoPhones Fundraiser,
REV-000521,C-JP,Donation,UNK1542,1/30/2013, $132.02 ,Picture Day 2013,
REV-000522,C-JP,Donation,,1/30/2013, $55.00 ,Unprompted,
REV-000523,C-LCV,Donation,,2/8/2013, $88.00 ,Cafe Wednesdays,
REV-000524,C-LCV,Donation,,2/8/2013, $12.00 ,Cafe Wednesdays,
REV-000525,C-JP,Donation,,2/26/2013, $285.00 ,Unprompted,
REV-000526,C-Corp,Donation,FAM0902,2/28/2013, $400.00 ,Letter Campaign 2012,
REV-000527,C-JP,Donation,,3/5/2013, $55.00 ,Unprompted,
REV-000528,C-JP,Donation,,3/6/2013, $100.00 ,Unprompted,
REV-000529,C-LCV,Donation,,3/8/2013, $85.00 ,Cafe Wednesdays,
REV-000530,C-Corp,Donation,FAM0223,3/11/2013, $100.00 ,Letter Campaign 2012,
REV-000531,C-Corp,Donation,IND1034,3/11/2013, $100.00 ,Letter Campaign 2012,
REV-000532,C-Corp,Donation,IND1406,3/11/2013, $18.00 ,Letter Campaign 2012,
REV-000533,C-Corp,Donation,FAM0902,3/31/2013, $200.00 ,Letter Campaign 2012,
REV-000534,C-LCV,Donation,,4/3/2013, $65.00 ,Cafe Wednesdays,
REV-000535,C-JP,Donation,UNK1539,4/4/2013, $142.07 ,Ralph's Fundraiser,
REV-000536,C-LCV,Donation,,4/18/2013, $10.00 ,Cafe Wednesdays,
REV-000537,C-JP,Donation,UNK1548,4/23/2013, $362.00 ,Midland Fundraiser,
REV-000538,C-JP,Donation,,4/23/2013, $55.00 ,Unprompted,
REV-000539,C-LCV,Donation,,4/30/2013, $100.00 ,Birthday Fundraiser,
REV-000540,C-JP,Donation,UNK1548,5/2/2013, $551.00 ,Midland Fundraiser,
REV-000541,C-HP,Donation,,5/3/2013, $20.00 ,Flower Sale,
REV-000542,C-JP,Donation,,5/3/2013, $55.00 ,Unprompted,
REV-000543,C-LCV,Donation,,5/3/2013, $100.00 ,Cafe Wednesdays,
REV-000544,C-LCV,Donation,,5/3/2013, $10.00 ,T-Shirt Fundraiser,
REV-000545,C-JP,Donation,,5/14/2013, $55.00 ,Teacher Appreciation,
REV-000546,C-JP,Donation,,5/14/2013, $30.00 ,Teacher Appreciation,
REV-000547,C-HP,Donation,,5/21/2013, $470.00 ,Flower Sale,
REV-000548,C-LCV,Donation,UNK1542,5/21/2013, $99.52 ,Picture Day 2013,
REV-000549,C-LCV,Donation,UNK1508,5/24/2013, $117.50 ,Training and Staff Development; CAAEYC 2013,
REV-000550,C-LCV,Donation,,5/24/2013, $3.00 ,Cafe Wednesdays,
REV-000551,C-HP,Donation,,6/1/2013, $580.00 ,Teacher Appreciation,
REV-000552,C-LCV,Donation,,6/6/2013, $77.00 ,Cafe Wednesdays,
REV-000553,C-LCV,Donation,,6/7/2013, $10.00 ,Cafe Wednesdays,
REV-000554,C-JP,Donation,,6/12/2013, $108.00 ,Fruit Snack Fundraiser,
REV-000555,C-LCV,Donation,UNK1519,6/28/2013, $187.36 ,T-Shirt Fundraiser,
REV-000556,C-LCV,Donation,,6/28/2013, $5.00 ,Cafe Wednesdays,
REV-000557,C-LCV,Donation,,6/28/2013, $447.00 ,Graduation Raffle 2013,
REV-000558,C-LCV,Donation,,6/28/2013, $65.00 ,Rummage Sale 2013,
REV-000559,C-LCV,Donation,,7/8/2013, $10.00 ,Teacher Appreciation,
REV-000560,C-LCV,Donation,,7/18/2013, $58.15 ,Cafe Wednesdays,
REV-000561,C-JP,Donation,UNK1539,7/19/2013, $34.50 ,Ralph's Fundraiser,
REV-000562,C-JP,Donation,UNK1539,7/19/2013, $131.34 ,Ralph's Fundraiser,
REV-000563,C-Corp,Donation,IND1468,7/23/2013, $100.00 ,Unprompted,
REV-000564,C-Corp,Donation,IND1123,7/24/2013, $10.00 ,Unprompted,
REV-000565,C-HP,Donation,UNK1542,7/25/2013, $76.57 ,Picture Day 2013,
REV-000566,C-JP,Donation,,7/25/2013, $300.00 ,Birthday Fundraiser,
REV-000567,C-LCV,Donation,,8/9/2013, $88.00 ,Cafe Wednesdays,
REV-000568,C-HP,Donation,UNK1508,8/20/2013, $214.50 ,Antique Portraiture Fundraiser 2013,
REV-000569,C-JP,Donation,,8/31/2013, $200.00 ,Unprompted,
REV-000570,C-JP,Donation,,9/3/2013, $150.00 ,Giving Tree Fundraiser,
REV-000571,C-LCV,Donation,,9/5/2013, $72.00 ,Cafe Wednesdays,
REV-000572,C-JP,Donation,,9/6/2013, $200.00 ,The Joy of Giving 2013,
REV-000573,C-LCV,Donation,,9/6/2013, $10.00 ,T-Shirt Fundraiser,
REV-000574,C-JP,Donation,,9/13/2013, $65.00 ,Birthday Fundraiser,
REV-000575,C-JP,Donation,,9/13/2013, $100.00 ,The Joy of Giving 2013,
REV-000576,C-JP,Donation,,9/26/2013, $100.00 ,The Joy of Giving 2013,
REV-000577,C-JP,Donation,UNK1539,10/2/2013, $15.68 ,Ralph's Fundraiser,
REV-000578,C-JP,Donation,UNK1539,10/2/2013, $95.07 ,Ralph's Fundraiser,
REV-000579,C-JP,Donation,,10/3/2013, $700.00 ,The Joy of Giving 2013,
REV-000580,C-LCV,Donation,,10/3/2013, $67.00 ,Cafe Wednesdays,
REV-000581,C-JP,Donation,UNK1542,10/9/2013, $127.22 ,Picture Day 2013,
REV-000582,C-JP,Donation,UNK1548,10/9/2013, $693.00 ,Midland Fundraiser,
REV-000583,C-JP,Donation,UNK1548,10/17/2013, $76.00 ,Midland Fundraiser,
REV-000584,C-JP,Donation,,10/17/2013, $400.00 ,The Joy of Giving 2013,
REV-000585,C-JP,Donation,,10/21/2013, $100.00 ,The Joy of Giving 2013,
REV-000586,C-LCV,Donation,,10/22/2013, $20.00 ,T-Shirt Fundraiser,
REV-000587,C-Corp,Donation,,10/23/2013, $10.00 ,Lummis Day Booth 2013,
REV-000588,C-Corp,Donation,,10/23/2013, $15.00 ,Lummis Day Booth 2013,
REV-000589,C-Corp,Donation,,10/23/2013, $150.00 ,Lummis Day Booth 2013,
REV-000590,C-JP,Donation,,10/26/2013, $100.00 ,The Joy of Giving 2013,
REV-000591,C-JP,Donation,UNK1554,10/28/2013, $82.39 ,Pinkberry Fundraiser,
REV-000592,C-LCV,Donation,,11/5/2013, $752.00 ,Dia de los Muertos Fundraiser,
REV-000593,C-LCV,Donation,,11/6/2013, $20.00 ,Dia de los Muertos Fundraiser,
REV-000594,C-LCV,Donation,,11/8/2013, $56.00 ,Cafe Wednesdays,
REV-000595,C-JP,Donation,IND1295,11/13/2013, $100.00 ,Unprompted,
REV-000596,C-Corp,Donation,UNK1528,11/19/2013, $3.24 ,Goodsearch / Goodshop Fundraiser,
REV-000597,C-Corp,Donation,UNK1528,11/19/2013, $3.73 ,Goodsearch / Goodshop Fundraiser,
REV-000598,C-Corp,Donation,UNK1528,11/19/2013, $6.66 ,Goodsearch / Goodshop Fundraiser,
REV-000599,C-JP,Donation,UNK1548,11/27/2013, $160.00 ,Midland Fundraiser,
REV-000600,C-JP,Donation,,11/27/2013, $100.00 ,The Joy of Giving 2013,
REV-000601,C-LCV,Donation,UNK1542,11/27/2013, $120.50 ,Picture Day 2013,
REV-000602,C-LCV,Donation,,11/27/2013, $10.00 ,T-Shirt Fundraiser,
REV-000603,C-Corp,Donation,FAM1004,12/12/2013, $100.00 ,Letter Campaign 2013,
REV-000604,C-Corp,Donation,IND1034,12/12/2013, $100.00 ,Letter Campaign 2013,
REV-000605,C-Corp,Donation,FAM1030,12/13/2013, $100.00 ,Letter Campaign 2013,
REV-000606,C-LCV,Donation,,12/13/2013, $51.00 ,Cafe Wednesdays,
REV-000607,C-Corp,Donation,IND0372,12/15/2013, $25.00 ,Letter Campaign 2013,
REV-000608,C-Corp,Donation,FAM0043,12/18/2013," $5,000.00 ",Letter Campaign 2013,
REV-000609,C-Corp,Donation,FAM0177,12/18/2013, $300.00 ,Letter Campaign 2013,
REV-000610,C-Corp,Donation,UNK1579,12/18/2013, $200.00 ,Letter Campaign 2013,
REV-000611,C-LCV,Donation,FAM0177,12/18/2013, $150.00 ,Birthday Fundraiser,
REV-000612,C-Corp,Donation,FAM1414,12/19/2013, $100.00 ,Letter Campaign 2013,
REV-000613,C-Corp,Donation,FAM0345,12/20/2013, $100.00 ,Letter Campaign 2013,
REV-000614,C-Corp,Donation,FAM1441,12/20/2013, $10.00 ,Letter Campaign 2013,
REV-000615,C-Corp,Donation,IND0513,12/20/2013, $50.00 ,Letter Campaign 2013,
REV-000616,C-Corp,Donation,IND1123,12/20/2013, $50.00 ,Letter Campaign 2013,
REV-000617,C-Corp,Donation,IND1405,12/20/2013, $30.00 ,Letter Campaign 2013,
REV-000618,C-LCV,Donation,,12/20/2013, $380.00 ,Teacher Appreciation,
REV-000619,C-Corp,Donation,FAM0223,12/22/2013, $250.00 ,Letter Campaign 2013,
REV-000620,C-Corp,Donation,FAM0902,12/23/2013," $1,000.00 ",Letter Campaign 2013,
REV-000621,C-JP,Donation,,12/23/2013, $160.00 ,Holiday Fundraiser,
REV-000622,C-Corp,Donation,IND1474,12/26/2013, $50.00 ,Letter Campaign 2013,
REV-000623,C-Corp,Donation,,12/26/2013, $9.48 ,Teacher Appreciation,
REV-000624,C-LCV,Donation,,12/27/2013, $20.00 ,Teacher Appreciation,
REV-000625,C-Corp,Donation,FAM0881,12/30/2013, $200.00 ,Letter Campaign 2013,
REV-000626,C-LCV,Donation,,12/31/2013, $20.00 ,Teacher Appreciation,
REV-000627,C-Corp,Donation,FAM1430,1/3/2014, $50.00 ,Letter Campaign 2013,
REV-000628,C-Corp,Donation,IND1501,1/7/2014, $50.00 ,Letter Campaign 2013,
REV-000629,C-LCV,Donation,UNK1541,1/7/2014, $8.00 ,Label Daddy Fundraiser,
REV-000630,C-Corp,Donation,FAM1432,1/10/2014, $81.03 ,Letter Campaign 2013,
REV-000631,C-LCV,Donation,,1/10/2014, $85.00 ,Cafe Wednesdays,
REV-000632,C-LCV,Donation,,1/10/2014, $20.00 ,Teacher Appreciation,
REV-000633,C-HP,Donation,UNK1542,1/14/2014, $88.22 ,Picture Day 2014,
REV-000634,C-JP,Donation,UNK1539,1/14/2014, $33.81 ,Ralph's Fundraiser,
REV-000635,C-JP,Donation,,1/29/2014, $51.00 ,Unprompted,
REV-000636,C-LCV,Donation,,1/29/2014, $10.00 ,T-Shirt Fundraiser,
REV-000637,C-JP,Donation,UNK1508,2/4/2014, $222.00 ,Antique Portraiture Fundraiser 2014,
REV-000638,C-JP,Donation,UNK1542,2/4/2014, $152.32 ,Picture Day 2014,
REV-000639,C-LCV,Donation,,2/21/2014, $105.00 ,Cafe Wednesdays,
REV-000640,C-LCV,Donation,,2/21/2014, $20.00 ,T-Shirt Fundraiser,
REV-000641,C-Corp,Donation,UNK1533,2/25/2014, $50.00 ,Letter Campaign 2013,
REV-000642,C-LCV,Donation,UNK1541,3/5/2014, $16.99 ,Label Daddy Fundraiser,
REV-000643,C-LCV,Donation,,3/6/2014, $101.00 ,Cafe Wednesdays,
REV-000644,C-LCV,Donation,FAM0415,3/12/2014, $150.00 ,Letter Campaign 2013,
REV-000645,C-JP,Donation,UNK1526,3/27/2014, $435.00 ,Two Milk Minimum 2014,
REV-000646,C-JP,Donation,UNK1539,4/2/2014, $32.79 ,Ralph's Fundraiser,
REV-000647,C-JP,Donation,,4/2/2014, $250.00 ,The Joy of Giving 2014,
REV-000648,C-LCV,Donation,,4/2/2014, $81.50 ,Cafe Wednesdays,
REV-000649,C-Corp,Donation,IND1064,4/15/2014, $100.00 ,Letter Campaign 2013,
REV-000650,C-Corp,Donation,UNK1512,4/17/2014, $100.00 ,Bubblemania Fundraiser,
REV-000651,C-JP,Donation,UNK1548,5/9/2014, $692.00 ,Midland Fundraiser,
REV-000652,C-JP,Donation,,5/16/2014, $100.00 ,The Joy of Giving 2014,
REV-000653,C-LCV,Donation,,5/16/2014, $106.00 ,Cafe Wednesdays,
REV-000654,C-LCV,Donation,,5/16/2014, $15.00 ,Teacher Appreciation,
REV-000655,C-LCV,Donation,UNK1542,5/29/2014, $141.66 ,Picture Day 2014,
REV-000656,Unknown,Donation,,5/30/2014, $1.00 ,Unprompted,
REV-000657,C-Corp,Donation,IND1468,6/1/2014, $115.00 ,Unprompted,
REV-000658,C-LCV,Donation,,6/4/2014, $113.00 ,Cafe Wednesdays,
REV-000659,C-JP,Donation,UNK1539,7/1/2014, $46.72 ,Ralph's Fundraiser,
REV-000660,C-JP,Donation,UNK1542,7/8/2014, $201.46 ,Picture Day 2014,
REV-000661,C-LCV,Donation,,7/8/2014, $10.00 ,T-Shirt Fundraiser,
REV-000662,C-LCV,Donation,,7/22/2014, $29.00 ,Pool Party 2014,
REV-000663,C-LCV,Donation,,7/22/2014, $729.05 ,Pool Party 2014,
REV-000664,C-LCV,Donation,,8/7/2014, $76.00 ,Cafe Wednesdays,
REV-000665,C-Corp,Donation,UNK1507,8/11/2014, $32.90 ,Amazon Smile,
REV-000666,C-LCV,Donation,UNK1541,8/19/2014, $10.00 ,Label Daddy Fundraiser,
REV-000667,C-JP,Donation,,8/21/2014, $450.00 ,The Joy of Giving 2014,
REV-000668,C-JP,Donation,,8/26/2014, $100.00 ,The Joy of Giving 2014,
REV-000669,C-JP,Donation,,8/28/2014, $100.00 ,The Joy of Giving 2014,
REV-000670,C-JP,Donation,,9/3/2014, $400.00 ,The Joy of Giving 2014,
REV-000671,C-JP,Donation,,9/4/2014, $500.00 ,The Joy of Giving 2014,
REV-000672,C-LCV,Donation,,9/4/2014, $55.00 ,Cafe Wednesdays,
REV-000673,C-JP,Donation,,9/8/2014, $300.00 ,The Joy of Giving 2014,
REV-000674,C-JP,Donation,,9/12/2014, $600.00 ,The Joy of Giving 2014,
REV-000675,C-JP,Donation,UNK1535,9/26/2014, $966.00 ,Wrapping Paper Sale 2014,
REV-000676,C-JP,Donation,,10/3/2014, $100.00 ,The Joy of Giving 2014,
REV-000677,C-LCV,Donation,,10/3/2014, $63.00 ,Cafe Wednesdays,
REV-000678,C-JP,Donation,UNK1539,10/16/2014, $31.66 ,Ralph's Fundraiser,
REV-000679,C-JP,Donation,,10/16/2014, $100.00 ,The Joy of Giving 2014,
REV-000680,C-JP,Donation,UNK1535,10/28/2014, $92.25 ,Wrapping Paper Sale 2014,
REV-000681,C-Corp,Donation,UNK1528,11/4/2014, $19.03 ,Goodsearch / Goodshop Fundraiser,
REV-000682,C-Corp,Donation,UNK1507,11/7/2014, $22.02 ,Amazon Smile,
REV-000683,C-LCV,Donation,,11/7/2014, $77.00 ,Cafe Wednesdays,
REV-000684,C-Corp,Donation,UNK1560,11/19/2014," $2,000.00 ",Letter Campaign 2014,
REV-000685,C-LCV,Donation,UNK1542,11/19/2014, $162.74 ,Picture Day 2014,
REV-000686,C-LCV,Donation,,12/4/2014, $10.00 ,Cafe Wednesdays,
REV-000687,C-LCV,Donation,,12/4/2014, $61.00 ,Cafe Wednesdays,
REV-000688,C-LCV,Donation,,12/4/2014, $50.00 ,T-Shirt Fundraiser,
REV-000689,C-Corp,Donation,IND1405,12/12/2014, $30.00 ,Letter Campaign 2014,
REV-000690,C-Corp,Donation,FAM1414,12/15/2014, $100.00 ,Letter Campaign 2014,
REV-000691,C-Corp,Donation,FAM0345,12/18/2014, $100.00 ,Letter Campaign 2014,
REV-000692,C-LCV,Donation,FAM0902,12/18/2014," $1,000.00 ",Letter Campaign 2014,
REV-000693,C-Corp,Donation,IND0513,12/19/2014, $50.00 ,Letter Campaign 2014,
REV-000694,C-Corp,Donation,IND1123,12/19/2014, $50.00 ,Letter Campaign 2014,
REV-000695,C-LCV,Donation,,12/19/2014, $325.00 ,Teacher Appreciation,
REV-000696,C-Corp,Donation,FAM0043,12/22/2014," $5,000.00 ",Letter Campaign 2014,
REV-000697,C-Corp,Donation,FAM0881,12/22/2014, $200.00 ,Letter Campaign 2014,
REV-000698,C-Corp,Donation,FAM1450,12/22/2014, $50.00 ,Letter Campaign 2014,
REV-000699,C-Corp,Donation,IND1145,12/22/2014, $50.00 ,Letter Campaign 2014,
REV-000700,C-Corp,Donation,IND1436,12/23/2014, $40.00 ,Letter Campaign 2014,
REV-000701,C-Corp,Donation,FAM1430,12/29/2014, $50.00 ,Letter Campaign 2014,
REV-000702,C-Corp,Donation,IND0585,12/29/2014, $50.00 ,Letter Campaign 2014,
REV-000703,C-Corp,Donation,IND1034,12/29/2014, $100.00 ,Letter Campaign 2014,
REV-000704,C-Corp,Donation,UNK1579,12/29/2014, $200.00 ,Letter Campaign 2014,
REV-000705,C-Corp,Donation,FAM1026,12/30/2014, $100.00 ,Letter Campaign 2014,
REV-000706,C-Corp,Donation,FAM0223,12/31/2014, $200.00 ,Letter Campaign 2014,
REV-000707,C-Corp,Donation,FAM0902,12/31/2014," $1,500.00 ",Letter Campaign 2014,
REV-000708,C-Corp,Donation,IND0052,12/31/2014, $100.00 ,Letter Campaign 2014,
REV-000709,C-Corp,Donation,,12/31/2014, $75.00 ,Letter Campaign 2014,
REV-000710,C-Corp,Donation,IND1064,1/9/2015, $100.00 ,Letter Campaign 2014,
REV-000711,C-LCV,Donation,,1/9/2015, $73.00 ,Cafe Wednesdays,
REV-000712,C-LCV,Donation,,1/15/2015, $10.00 ,T-Shirt Fundraiser,
REV-000713,C-Corp,Donation,IND0372,1/23/2015, $25.00 ,Letter Campaign 2014,
REV-000714,C-Corp,Donation,IND1122,1/26/2015, $25.00 ,Letter Campaign 2014,
REV-000715,C-JP,Donation,,1/28/2015, $110.00 ,Unprompted,
REV-000716,C-LCV,Donation,,2/5/2015, $93.00 ,Cafe Wednesdays,
REV-000717,C-JP,Donation,UNK1542,2/6/2015, $218.88 ,Picture Day 2015,
REV-000718,C-LCV,Donation,,2/6/2015, $50.00 ,Unprompted,
REV-000719,C-HP,Donation,UNK1542,2/11/2015, $116.66 ,Picture Day 2015,
REV-000720,C-Corp,Donation,UNK1507,2/17/2015, $18.37 ,Amazon Smile,
REV-000721,C-LCV,Donation,,3/4/2015, $84.00 ,Cafe Wednesdays,
REV-000722,C-Corp,Donation,FAM0043,3/11/2015," $1,000.00 ",Unprompted,
REV-000723,C-JP,Donation,UNK1548,3/16/2015, $442.00 ,Midland Fundraiser,
REV-000724,C-JP,Donation,UNK1548,3/17/2015, $361.00 ,Midland Fundraiser,
REV-000725,C-LCV,Donation,,3/27/2015, $50.00 ,T-Shirt Fundraiser,
REV-000726,C-HP,Donation,,4/7/2015, $40.00 ,Unprompted,
REV-000727,C-JP,Donation,UNK1539,4/13/2015, $36.92 ,Ralph's Fundraiser,
REV-000728,C-LCV,Donation,,4/29/2015, $10.00 ,T-Shirt Fundraiser,
REV-000729,C-LCV,Donation,FAM0022,5/6/2015, $100.00 ,Music Class Fundraiser,
REV-000730,C-Corp,Donation,UNK1507,5/6/2015, $25.21 ,Amazon Smile,
REV-000731,C-LCV,Donation,FAM0520,5/6/2015, $130.00 ,Music Class Fundraiser,
REV-000732,C-LCV,Donation,FAM0669,5/6/2015, $65.00 ,Music Class Fundraiser,
REV-000733,C-LCV,Donation,FAM0806,5/6/2015, $45.00 ,Music Class Fundraiser,
REV-000734,C-LCV,Donation,FAM0715,5/8/2015, $150.00 ,Music Class Fundraiser,
REV-000735,C-LCV,Donation,IND1123,5/8/2015, $240.00 ,Music Class Fundraiser,
REV-000736,C-LCV,Donation,FAM0664,5/13/2015, $65.00 ,Music Class Fundraiser,
REV-000737,C-LCV,Donation,FAM0631,5/14/2015, $100.00 ,Music Class Fundraiser,
REV-000738,C-LCV,Donation,IND1446,5/15/2015, $25.00 ,Music Class Fundraiser,
REV-000739,C-LCV,Donation,FAM0457,5/20/2015, $130.00 ,Music Class Fundraiser,
REV-000740,C-LCV,Donation,IND0513,5/20/2015, $50.00 ,Music Class Fundraiser,
REV-000741,C-LCV,Donation,IND1123,5/20/2015, $25.00 ,Music Class Fundraiser,
REV-000742,C-LCV,Donation,FAM0177,5/26/2015, $160.00 ,Music Class Fundraiser,
REV-000743,C-Corp,Donation,UNK1566,6/5/2015, $100.00 ,Letter Campaign 2014,
REV-000744,C-LCV,Donation,UNK1542,6/5/2015, $116.52 ,Picture Day 2015,
REV-000745,C-LCV,Donation,,6/5/2015, $85.00 ,Cafe Wednesdays,
REV-000746,C-LCV,Donation,,6/5/2015, $50.00 ,T-Shirt Fundraiser,
REV-000747,C-LCV,Donation,IND0661,6/10/2015, $65.00 ,Music Class Fundraiser,
REV-000748,C-LCV,Donation,FAM0618,6/17/2015, $80.00 ,Music Class Fundraiser,
REV-000749,C-LCV,Donation,IND1123,6/19/2015, $25.00 ,Unprompted,
REV-000750,C-LCV,Donation,IND1416,6/19/2015, $50.00 ,Music Class Fundraiser,
REV-000751,C-LCV,Donation,,6/22/2015, $322.00 ,Pool Party 2015,
REV-000752,C-LCV,Donation,FAM0084,6/23/2015, $50.00 ,Music Class Fundraiser,
REV-000753,C-LCV,Donation,IND0199,6/25/2015, $50.00 ,Music Class Fundraiser,
REV-000754,C-LCV,Donation,FAM0043,6/29/2015, $65.00 ,Music Class Fundraiser,
REV-000755,C-LCV,Donation,FAM0818,7/1/2015, $65.00 ,Music Class Fundraiser,
REV-000756,C-HP,Donation,UNK1542,7/8/2015, $114.33 ,Picture Day 2015,
REV-000757,C-HP,Donation,,7/24/2015, $604.20 ,T-Shirt Fundraiser,
REV-000758,C-LCV,Donation,UNK1437,7/28/2015, $100.00 ,Unprompted,
REV-000759,C-JP,Donation,UNK1542,7/30/2015, $155.56 ,Picture Day 2015,
REV-000760,C-JP,Donation,,7/30/2015, $455.00 ,Birthday Fundraiser,
REV-000761,C-JP,Donation,,7/30/2015, $500.00 ,The Joy of Giving 2015,
REV-000762,C-JP,Donation,,8/3/2015, $200.00 ,The Joy of Giving 2015,
REV-000763,C-JP,Donation,,8/4/2015, $200.00 ,The Joy of Giving 2015,
REV-000764,C-LCV,Donation,,8/5/2015, $105.55 ,Cafe Wednesdays,
REV-000765,C-LCV,Donation,FAM0502,8/13/2015, $500.00 ,Music Class Fundraiser,
REV-000766,C-Corp,Donation,UNK1507,8/14/2015, $16.54 ,Amazon Smile,
REV-000767,C-JP,Donation,,8/20/2015, $500.00 ,The Joy of Giving 2015,
REV-000768,C-LCV,Donation,FAM0694,8/23/2015, $100.00 ,Music Class Fundraiser,
REV-000769,C-JP,Donation,,8/31/2015, $200.00 ,The Joy of Giving 2015,
REV-000770,C-LCV,Donation,IND1413,9/15/2015, $50.00 ,Music Class Fundraiser,
REV-000771,C-JP,Donation,,9/23/2015, $100.00 ,The Joy of Giving 2015,
REV-000772,C-JP,Donation,UNK1548,9/30/2015," $1,421.00 ",Midland Fundraiser,
REV-000773,C-JP,Donation,UNK1539,10/6/2015, $29.84 ,Ralph's Fundraiser,
REV-000774,C-LCV,Donation,,10/23/2015, $51.75 ,Cafe Wednesdays,
REV-000775,C-LCV,Donation,,10/23/2015, $20.00 ,T-Shirt Fundraiser,
REV-000776,C-LCV,Donation,,10/30/2015, $20.00 ,T-Shirt Fundraiser,
REV-000777,C-Corp,Donation,UNK1528,11/3/2015, $17.57 ,Goodsearch / Goodshop Fundraiser,
REV-000778,C-JP,Donation,UNK1526,11/9/2015, $369.00 ,Two Milk Minimum 2015,
REV-000779,C-Corp,Donation,UNK1507,11/16/2015, $13.65 ,Amazon Smile,
REV-000780,C-LCV,Donation,UNK1542,11/16/2015, $129.96 ,Picture Day 2016,
REV-000781,C-HP,Donation,,11/19/2015," $1,170.00 ",Music Class Fundraiser,
REV-000782,C-Corp,Donation,UNK1560,11/20/2015," $2,000.00 ",Letter Campaign 2015,
REV-000783,C-HP,Donation,,11/25/2015, $60.00 ,Music Class Fundraiser,
REV-000784,C-Corp,Donation,IND1405,12/4/2015, $30.00 ,Letter Campaign 2015,
REV-000785,C-LCV,Donation,,12/10/2015, $122.00 ,Cafe Wednesdays,
REV-000786,C-JP,Donation,,12/23/2015, $500.00 ,The Joy of Giving 2015,
REV-000787,C-LCV,Donation,,12/23/2015, $295.00 ,Gift Cards for Teachers,
REV-000788,C-Corp,Donation,FAM0043,12/24/2015," $5,000.00 ",Letter Campaign 2015,
REV-000789,C-Corp,Donation,IND0372,12/25/2015, $25.00 ,Letter Campaign 2015,
REV-000790,C-Corp,Donation,IND1356,12/27/2015, $50.00 ,Letter Campaign 2015,
REV-000791,C-Corp,Donation,FAM1026,12/28/2015, $100.00 ,Letter Campaign 2015,
REV-000792,C-Corp,Donation,IND1034,12/29/2015, $150.00 ,Letter Campaign 2015,
REV-000793,C-Corp,Donation,FAM0881,12/31/2015, $200.00 ,Letter Campaign 2015,
REV-000794,C-Corp,Donation,FAM0902,12/31/2015," $2,500.00 ",Letter Campaign 2015,
REV-000795,C-LCV,Donation,FAM0631,1/5/2016, $50.00 ,Letter Campaign 2015,
REV-000796,C-Corp,Donation,FAM0043,1/19/2016," $1,000.00 ",Letter Campaign 2015,
REV-000797,C-LCV,Donation,,2/1/2016, $43.00 ,Cafe Wednesdays,
REV-000798,C-HP,Donation,UNK1542,2/2/2016, $87.65 ,Picture Day 2016,
REV-000799,C-Corp,Donation,FAM0345,2/5/2016, $100.00 ,Letter Campaign 2015,
REV-000800,C-JP,Donation,UNK1542,2/19/2016, $226.31 ,Picture Day 2016,
REV-000801,C-LCV,Donation,,3/4/2016, $65.00 ,Music Class Fundraiser,
REV-000802,C-JP,Donation,UNK1548,3/25/2016, $390.00 ,Midland Fundraiser,
REV-000803,C-LCV,Donation,FAM0043,3/29/2016," $1,000.00 ",Letter Campaign 2015,
REV-000804,C-HP,Donation,,3/31/2016," $5,000.00 ",Unprompted,
REV-000805,C-Corp,Donation,IND0052,4/30/2016, $100.00 ,Letter Campaign 2015,
REV-000806,C-LCV,Donation,UNK1542,5/3/2016, $165.99 ,Picture Day 2016,
REV-000807,C-LCV,Donation,,5/6/2016, $126.00 ,Cafe Wednesdays,
REV-000808,C-Corp,Donation,UNK1507,5/12/2016, $29.58 ,Amazon Smile,
REV-000809,C-LCV,Donation,,6/3/2016, $30.00 ,T-Shirt Fundraiser,
REV-000810,C-LCV,Donation,,6/24/2016, $60.00 ,Furniture Sale,
REV-000811,C-LCV,Donation,,7/6/2016, $60.00 ,Cafe Wednesdays,
REV-000812,C-LCV,Donation,,7/6/2016, $65.00 ,Music Class Fundraiser,
REV-000813,C-LCV,Donation,,7/20/2016, $65.00 ,Music Class Fundraiser,
REV-000814,C-LCV,Donation,,8/5/2016, $65.00 ,Music Class Fundraiser,
REV-000815,C-HP,Donation,,8/10/2016, $360.00 ,Music Class Fundraiser,
REV-000816,C-HP,Donation,,8/11/2016, $100.00 ,Music Class Fundraiser,
REV-000817,C-JP,Donation,UNK1542,8/11/2016, $217.63 ,Picture Day 2016,
REV-000818,C-Corp,Donation,UNK1507,8/15/2016, $18.49 ,Amazon Smile,
REV-000819,C-HP,Donation,,8/15/2016, $60.00 ,Music Class Fundraiser,
REV-000820,C-HP,Donation,,8/17/2016, $180.00 ,Music Class Fundraiser,
REV-000821,C-LCV,Donation,,8/17/2016, $145.00 ,Cafe Wednesdays,
REV-000822,C-HP,Donation,,8/19/2016, $380.00 ,Music Class Fundraiser,
REV-000823,C-HP,Donation,,8/24/2016, $60.00 ,Music Class Fundraiser,
REV-000824,C-HP,Donation,UNK1542,8/26/2016, $104.01 ,Picture Day 2016,
REV-000825,C-HP,Donation,,8/26/2016, $60.00 ,Music Class Fundraiser,
REV-000826,C-HP,Donation,,9/1/2016, $120.00 ,Music Class Fundraiser,
REV-000827,C-JP,Donation,,9/1/2016, $650.00 ,The Joy of Giving 2016,
REV-000828,C-JP,Donation,,9/13/2016, $750.00 ,The Joy of Giving 2016,
REV-000829,C-LCV,Donation,,9/14/2016, $76.00 ,Cafe Wednesdays,
REV-000830,C-HP,Donation,,9/20/2016, $120.00 ,Music Class Fundraiser,
REV-000831,C-JP,Donation,UNK1539,9/29/2016, $30.73 ,Ralph's Fundraiser,
REV-000832,C-JP,Donation,,9/29/2016, $300.00 ,The Joy of Giving 2016,
REV-000833,C-Corp,Donation,IND1405,9/30/2016, $30.00 ,Music Class Fundraiser,
REV-000834,C-HP,Donation,,9/30/2016, $60.00 ,Music Class Fundraiser,
REV-000835,C-LCV,Donation,IND0733,10/5/2016, $90.00 ,Unprompted,
REV-000836,C-LCV,Donation,IND0967,10/5/2016, $1.00 ,Unprompted,
REV-000837,C-JP,Donation,UNK1548,10/14/2016, $686.00 ,Midland Fundraiser,
REV-000838,C-LCV,Donation,FAM0464,10/14/2016, $90.00 ,Music Class Fundraiser,
REV-000839,C-LCV,Donation,FAM0760,10/14/2016, $90.00 ,Music Class Fundraiser,
REV-000840,C-LCV,Donation,,10/14/2016, $66.00 ,Cafe Wednesdays,
REV-000841,C-JP,Donation,,10/18/2016, $200.00 ,The Joy of Giving 2016,
REV-000842,C-LCV,Donation,FAM0631,10/18/2016, $150.00 ,Music Class Fundraiser,
REV-000843,C-LCV,Donation,IND0615,10/18/2016, $90.00 ,Music Class Fundraiser,
REV-000844,C-LCV,Donation,IND1462,10/18/2016, $100.00 ,Music Class Fundraiser,
REV-000845,C-JP,Donation,UNK1548,10/21/2016, $32.00 ,Midland Fundraiser,
REV-000846,C-LCV,Donation,FAM0743,10/24/2016, $90.00 ,Music Class Fundraiser,
REV-000847,C-LCV,Donation,FAM0765,10/26/2016, $90.00 ,Halloween Party,
REV-000848,C-LCV,Donation,FAM0715,10/27/2016, $200.00 ,Halloween Party,
REV-000849,C-LCV,Donation,IND0704,10/28/2016, $90.00 ,Halloween Party,
REV-000850,C-LCV,Donation,FAM0247,10/31/2016, $100.00 ,Halloween Party,
REV-000851,C-JP,Donation,,11/1/2016, $100.00 ,The Joy of Giving 2016,
REV-000852,C-LCV,Donation,FAM0542,11/1/2016, $90.00 ,Unprompted,
REV-000853,C-LCV,Donation,UNK1543,11/2/2016, $90.00 ,Unprompted,
REV-000854,C-Corp,Donation,UNK1507,11/7/2016, $87.10 ,Amazon Smile,
REV-000855,C-Corp,Donation,UNK1528,11/7/2016, $10.42 ,Goodsearch / Goodshop Fundraiser,
REV-000856,C-LCV,Donation,FAM0447,11/9/2016, $100.00 ,Cafe Wednesdays,
REV-000857,C-LCV,Donation,IND0738,11/14/2016, $100.00 ,Unprompted,
REV-000858,C-LCV,Donation,,11/18/2016, $102.00 ,Cafe Wednesdays,
REV-000859,C-LCV,Donation,IND1434,11/29/2016, $10.00 ,Unprompted,
REV-000860,C-LCV,Donation,IND1463,11/29/2016, $25.00 ,Unprompted,
REV-000861,C-LCV,Donation,,11/30/2016, $255.00 ,Rummage Sale 2016,
REV-000862,C-Corp,Donation,FAM0659,12/1/2016, $25.00 ,Pat Griffith Scholarship Fund Creation,
REV-000863,C-Corp,Donation,FAM0902,12/1/2016, $500.00 ,Pat Griffith Scholarship Fund Creation,
REV-000864,C-Corp,Donation,IND0372,12/1/2016, $100.00 ,Pat Griffith Scholarship Fund Creation,
REV-000865,C-Corp,Donation,IND1487,12/1/2016, $100.00 ,Pat Griffith Scholarship Fund Creation,
REV-000866,C-JP,Donation,,12/1/2016, $125.00 ,The Joy of Giving 2016,
REV-000867,C-Corp,Donation,UNK1560,12/2/2016," $2,000.00 ",Pat Griffith Scholarship Fund Creation,
REV-000868,C-LCV,Donation,FAM0457,12/2/2016, $100.00 ,Pat Griffith Scholarship Fund Creation,
REV-000869,C-Corp,Donation,FAM0075,12/3/2016, $25.00 ,Pat Griffith Scholarship Fund Creation,
REV-000870,C-Corp,Donation,FAM1004,12/3/2016, $100.00 ,Pat Griffith Scholarship Fund Creation,
REV-000871,C-Corp,Donation,FAM0161,12/7/2016, $400.00 ,Pat Griffith Scholarship Fund Creation,
REV-000872,C-LCV,Donation,FAM0468,12/8/2016, $200.00 ,Cafe Wednesdays,
REV-000873,C-LCV,Donation,FAM0618,12/8/2016, $100.00 ,Cafe Wednesdays,
REV-000874,C-LCV,Donation,,12/8/2016, $75.00 ,Cafe Wednesdays,
REV-000875,C-Corp,Donation,FAM1037,12/9/2016, $25.00 ,Pat Griffith Scholarship Fund Creation,
REV-000876,C-LCV,Donation,IND1408,12/9/2016, $90.00 ,Pat Griffith Scholarship Fund Creation,
REV-000877,C-Corp,Donation,IND1215,12/12/2016, $150.00 ,Pat Griffith Scholarship Fund Creation,
REV-000878,C-Corp,Donation,FAM0638,12/18/2016, $100.00 ,Pat Griffith Scholarship Fund Creation,
REV-000879,C-LCV,Donation,FAM0464,12/20/2016, $20.00 ,Pat Griffith Scholarship Fund Creation,
REV-000880,C-LCV,Donation,FAM0806,12/20/2016, $95.00 ,Pat Griffith Scholarship Fund Creation,
REV-000881,C-Corp,Donation,FAM0881,12/22/2016, $50.00 ,Pat Griffith Scholarship Fund Creation,
REV-000882,C-Corp,Donation,IND1072,12/22/2016, $200.00 ,Pat Griffith Scholarship Fund Creation,
REV-000883,C-LCV,Donation,FAM0818,12/22/2016, $125.00 ,Pat Griffith Scholarship Fund Creation,
REV-000884,C-LCV,Donation,,12/22/2016, $40.00 ,Pat Griffith Scholarship Fund Creation,
REV-000885,C-Corp,Donation,IND1459,12/23/2016, $50.00 ,Pat Griffith Scholarship Fund Creation,
REV-000886,C-Corp,Donation,IND0585,12/26/2016, $100.00 ,Pat Griffith Scholarship Fund Creation,
REV-000887,C-Corp,Donation,FAM0105,12/27/2016, $100.00 ,Pat Griffith Scholarship Fund Creation,
REV-000888,C-LCV,Donation,,12/28/2016, $120.00 ,Pat Griffith Scholarship Fund Creation,
REV-000889,C-Corp,Donation,IND1034,12/29/2016, $100.00 ,Pat Griffith Scholarship Fund Creation,
REV-000890,C-JP,Donation,,12/29/2016, $900.00 ,The Joy of Giving 2016,
REV-000891,C-Corp,Donation,FAM1030,12/30/2016, $100.00 ,Pat Griffith Scholarship Fund Creation,
REV-000892,C-Corp,Donation,FAM0020,12/31/2016, $500.00 ,Pat Griffith Scholarship Fund Creation,
REV-000893,C-Corp,Donation,FAM0223,12/31/2016, $300.00 ,Pat Griffith Scholarship Fund Creation,
REV-000894,C-Corp,Donation,FAM0340,12/31/2016, $200.00 ,Pat Griffith Scholarship Fund Creation,
REV-000895,C-Corp,Donation,IND0052,12/31/2016, $100.00 ,Pat Griffith Scholarship Fund Creation,
REV-000896,C-Corp,Donation,IND1185,1/2/2017, $20.00 ,Pat Griffith Scholarship Fund Creation,
REV-000897,C-Corp,Donation,FAM0662,1/3/2017, $100.00 ,Pat Griffith Scholarship Fund Creation,
REV-000898,C-JP,Donation,,1/4/2017, $60.00 ,Unprompted,
REV-000899,C-Corp,Donation,FAM0043,1/18/2017," $5,000.00 ",Pat Griffith Scholarship Fund Creation,
REV-000900,C-Corp,Donation,FAM0288,1/25/2017, $100.00 ,Pat Griffith Scholarship Fund Creation,
REV-000901,C-Corp,Donation,IND1502,1/25/2017, $100.00 ,Pat Griffith Scholarship Fund Creation,
REV-000902,C-HP,Donation,UNK1542,1/31/2017, $78.52 ,Picture Day 2017,
REV-000903,C-Corp,Donation,UNK1507,2/6/2017, $36.75 ,Amazon Smile,
REV-000904,C-LCV,Donation,IND1469,2/8/2017, $200.00 ,Cafe Wednesdays,
REV-000905,C-LCV,Donation,,2/15/2017, $86.00 ,Cafe Wednesdays,
REV-000906,C-HP,Donation,UNK1548,2/28/2017, $307.00 ,Midland Fundraiser,
REV-000907,C-HP,Donation,UNK1548,3/1/2017, $123.00 ,Midland Fundraiser,
REV-000908,C-LCV,Donation,,3/2/2017, $10.00 ,T-Shirt Fundraiser,
REV-000909,C-LCV,Donation,,3/9/2017, $105.00 ,Cafe Wednesdays,
REV-000910,C-HP,Donation,UNK1548,3/11/2017, $76.00 ,Midland Fundraiser,
REV-000911,C-JP,Donation,UNK1542,3/14/2017, $44.80 ,Picture Day 2017,
REV-000912,C-Corp,Donation,IND1422,4/28/2017, $250.00 ,PGSF Letter Campaign 2017,
REV-000913,C-LCV,Donation,,4/29/2017, $60.00 ,Cafe Wednesdays,
REV-000914,C-Corp,Donation,UNK1507,5/11/2017, $22.77 ,Amazon Smile,
REV-000915,C-JP,Donation,UNK1542,5/25/2017, $73.02 ,Picture Day 2017,
REV-000916,C-LCV,Donation,UNK1542,5/25/2017, $155.26 ,Picture Day 2017,
REV-000917,C-LCV,Donation,,6/6/2017, $72.00 ,Cafe Wednesdays,
REV-000918,C-HP,Donation,UNK1542,6/13/2017, $130.29 ,Picture Day 2017,
REV-000919,C-LCV,Donation,,6/14/2017, $105.00 ,Cafe Wednesdays,
REV-000920,C-LCV,Donation,,6/14/2017, $322.00 ,Graduation Raffle 2017,
REV-000921,C-JP,Donation,UNK1542,6/30/2017, $172.40 ,Picture Day 2017,
REV-000922,C-LCV,Donation,,7/14/2017, $20.00 ,T-Shirt Fundraiser,
REV-000923,C-LCV,Donation,,7/21/2017, $103.00 ,Cafe Wednesdays,
REV-000924,C-LCV,Donation,,8/14/2017, $40.00 ,T-Shirt Fundraiser,
REV-000925,C-Corp,Donation,UNK1507,8/17/2017, $41.43 ,Amazon Smile,
REV-000926,C-LCV,Donation,,8/17/2017, $85.00 ,Cafe Wednesdays,
REV-000927,C-LCV,Donation,UNK1542,9/6/2017, $140.49 ,Picture Day 2017,
REV-000928,C-JP,Donation,,9/28/2017, $25.00 ,The Joy of Giving 2017,
REV-000929,C-JP,Donation,,10/3/2017, $200.00 ,The Joy of Giving 2017,
REV-000930,C-LCV,Donation,,10/3/2017, $51.00 ,Cafe Wednesdays,
REV-000931,C-JP,Donation,,10/13/2017, $200.00 ,The Joy of Giving 2017,
REV-000932,C-LCV,Donation,,10/13/2017, $38.00 ,Cafe Wednesdays,
REV-000933,C-JP,Donation,UNK1548,10/23/2017, $97.00 ,Midland Fundraiser,
REV-000934,C-JP,Donation,,10/23/2017, $400.00 ,The Joy of Giving 2017,
REV-000935,C-LCV,Donation,,11/3/2017, $50.00 ,Unprompted,
REV-000936,C-JP,Donation,,11/14/2017, $200.00 ,The Joy of Giving 2017,
REV-000937,C-LCV,Donation,UNK1542,11/14/2017, $118.54 ,Picture Day 2017,
REV-000938,C-Corp,Donation,UNK1507,11/15/2017, $29.15 ,Amazon Smile,
REV-000939,C-Corp,Donation,UNK1560,11/17/2017," $1,000.00 ",PGSF Letter Campaign 2017,
REV-000940,C-LCV,Donation,,11/24/2017, $562.81 ,Go-Fund-Me 2017,
REV-000941,C-Corp,Donation,UNK1528,11/28/2017, $19.39 ,Goodsearch / Goodshop Fundraiser,
REV-000942,C-Corp,Donation,UNK1549,11/28/2017," $1,000.00 ",PGSF Letter Campaign 2017,
REV-000943,C-JP,Donation,,11/28/2017, $100.00 ,The Joy of Giving 2017,
REV-000944,C-LCV,Donation,,11/28/2017, $86.00 ,Cafe Wednesdays,
REV-000945,C-Corp,Donation,IND1502,12/10/2017, $20.00 ,PGSF Letter Campaign 2017,
REV-000946,C-Corp,Donation,IND1405,12/18/2017, $30.00 ,PGSF Letter Campaign 2017,
REV-000947,C-JP,Donation,UNK1542,12/18/2017, $264.99 ,Picture Day 2017,
REV-000948,C-Corp,Donation,FAM0638,12/21/2017, $100.00 ,PGSF Letter Campaign 2017,
REV-000949,C-Corp,Donation,FAM0161,12/22/2017, $100.00 ,PGSF Letter Campaign 2017,
REV-000950,C-Corp,Donation,FAM0993,12/22/2017, $100.00 ,PGSF Letter Campaign 2017,
REV-000951,C-Corp,Donation,IND1046,12/22/2017, $200.00 ,PGSF Letter Campaign 2017,
REV-000952,C-Corp,Donation,IND1281,12/23/2017, $50.00 ,PGSF Letter Campaign 2017,
REV-000953,C-Corp,Donation,IND1469,12/23/2017, $100.00 ,PGSF Letter Campaign 2017,
REV-000954,C-Corp,Donation,FAM0902,12/25/2017, $100.00 ,PGSF Letter Campaign 2017,
REV-000955,C-Corp,Donation,,12/26/2017, $100.00 ,PGSF Letter Campaign 2017,
REV-000956,C-Corp,Donation,UNK1574,12/27/2017, $50.00 ,PGSF Letter Campaign 2017,
REV-000957,C-HP,Donation,UNK1542,12/27/2017, $125.08 ,Picture Day 2017,
REV-000958,C-JP,Donation,,12/27/2017, $100.00 ,The Joy of Giving 2017,
REV-000959,C-Corp,Donation,FAM0020,12/28/2017, $500.00 ,PGSF Letter Campaign 2017,
REV-000960,C-Corp,Donation,FAM0340,12/28/2017, $200.00 ,PGSF Letter Campaign 2017,
REV-000961,C-LCV,Donation,,12/28/2017, $95.00 ,Cafe Wednesdays,
REV-000962,C-LCV,Donation,,12/28/2017, $50.00 ,Teacher Appreciation,
REV-000963,C-Corp,Donation,IND1123,12/29/2017, $25.00 ,PGSF Letter Campaign 2017,
REV-000964,C-LCV,Donation,,12/29/2017, $45.75 ,Go-Fund-Me 2017,
REV-000965,C-Corp,Donation,FAM0902,12/30/2017," $2,500.00 ",PGSF Letter Campaign 2017,
REV-000966,C-Corp,Donation,FAM1004,12/30/2017, $100.00 ,PGSF Letter Campaign 2017,
REV-000967,C-Corp,Donation,IND1034,12/30/2017, $100.00 ,PGSF Letter Campaign 2017,
REV-000968,C-Corp,Donation,FAM0223,12/31/2017, $250.00 ,PGSF Letter Campaign 2017,
REV-000969,C-Corp,Donation,IND0052,12/31/2017, $100.00 ,PGSF Letter Campaign 2017,
REV-000970,C-LCV,Donation,,1/12/2018, $65.00 ,Cafe Wednesdays,
REV-000971,C-LCV,Donation,,1/12/2018, $165.00 ,Teacher Appreciation,
REV-000972,C-Corp,Donation,,1/25/2018, $39.25 ,In Pat's Memory,
REV-000973,C-Corp,Donation,UNK1507,2/12/2018, $29.51 ,Amazon Smile,
REV-000974,C-LCV,Donation,,2/15/2018, $136.00 ,Cafe Wednesdays,
REV-000975,C-JP,Donation,,2/16/2018, $100.00 ,The Joy of Giving 2018,
REV-000976,C-LCV,Donation,,3/21/2018, $155.00 ,Cafe Wednesdays,
REV-000977,C-LCV,Donation,,4/16/2018, $10.00 ,Cafe Wednesdays,
REV-000978,C-LCV,Donation,,4/25/2018, $47.00 ,Cafe Wednesdays,
REV-000979,C-LCV,Donation,,4/25/2018, $60.00 ,T-Shirt Fundraiser,
REV-000980,C-Corp,Donation,UNK1507,5/17/2018, $28.50 ,Amazon Smile,
REV-000981,C-LCV,Donation,UNK1542,5/24/2018, $154.15 ,Picture Day 2018,
REV-000982,C-LCV,Donation,,6/11/2018, $110.00 ,Cafe Wednesdays,
REV-000983,C-JP,Donation,UNK1542,6/29/2018, $282.43 ,Picture Day 2018,
REV-000984,C-LCV,Donation,,7/17/2018, $64.00 ,Cafe Wednesdays,
REV-000985,C-HP,Donation,UNK1542,8/2/2018, $142.42 ,Picture Day 2018,
REV-000986,C-Corp,Donation,UNK1525,8/10/2018," $1,912.68 ",Sun & Fun Inaugural Family Picnic 2018,
REV-000987,C-Corp,Donation,UNK1507,8/13/2018, $33.94 ,Amazon Smile,
REV-000988,C-Corp,Donation,,8/14/2018," $1,317.00 ",Sun & Fun Inaugural Family Picnic 2018,
REV-000989,C-HP,Donation,,8/14/2018, $20.00 ,Sun & Fun Inaugural Family Picnic 2018,
REV-000990,C-HP,Donation,,8/14/2018, $30.00 ,Sun & Fun Inaugural Family Picnic 2018,
REV-000991,C-JP,Donation,,8/14/2018, $40.00 ,Sun & Fun Inaugural Family Picnic 2018,
REV-000992,C-JP,Donation,,8/14/2018, $65.00 ,Sun & Fun Inaugural Family Picnic 2018,
REV-000993,C-JP,Donation,,8/14/2018, $100.00 ,Sun & Fun Inaugural Family Picnic 2018,
REV-000994,C-LCV,Donation,,8/14/2018, $20.00 ,Sun & Fun Inaugural Family Picnic 2018,
REV-000995,C-Corp,Donation,FAM0043,9/10/2018," $10,000.00 ",In Pat's Memory,
REV-000996,C-LCV,Donation,,9/17/2018, $32.00 ,Cafe Wednesdays,
REV-000997,C-JP,Donation,,9/18/2018, $800.00 ,The Joy of Giving 2018,
REV-000998,C-JP,Donation,,9/20/2018, $30.00 ,T-Shirt Fundraiser,
REV-000999,C-JP,Donation,,9/20/2018, $400.00 ,The Joy of Giving 2018,
REV-001000,C-JP,Donation,,9/24/2018, $100.00 ,The Joy of Giving 2018,
REV-001001,C-JP,Donation,,9/25/2018, $100.00 ,The Joy of Giving 2018,
REV-001002,C-LCV,Donation,,9/29/2018, $100.00 ,Cafe Wednesdays,
REV-001003,C-Corp,Donation,UNK1520,9/30/2018," $1,000.00 ",Sun & Fun Inaugural Family Picnic 2018,
REV-001004,C-JP,Donation,,10/2/2018, $330.00 ,T-Shirt Fundraiser,
REV-001005,C-JP,Donation,,10/2/2018, $300.00 ,The Joy of Giving 2018,
REV-001006,C-LCV,Donation,UNK1542,10/2/2018, $216.43 ,Picture Day 2018,
REV-001007,C-HP,Donation,,10/3/2018, $15.00 ,T-Shirt Fundraiser,
REV-001008,C-HP,Donation,,10/3/2018, $315.00 ,T-Shirt Fundraiser,
REV-001009,C-LCV,Donation,,10/3/2018, $360.00 ,T-Shirt Fundraiser,
REV-001010,C-JP,Donation,,10/5/2018, $100.00 ,The Joy of Giving 2018,
REV-001011,C-JP,Donation,,10/9/2018, $100.00 ,The Joy of Giving 2018,
REV-001012,C-LCV,Donation,,10/16/2018, $36.00 ,Cafe Wednesdays,
REV-001013,C-Corp,Donation,UNK1516,10/20/2018, $250.00 ,Sun & Fun Inaugural Family Picnic 2018,
REV-001014,C-HP,Donation,,10/24/2018, $15.00 ,T-Shirt Fundraiser,
REV-001015,C-JP,Donation,,10/24/2018, $600.00 ,The Joy of Giving 2018,
REV-001016,C-Corp,Donation,UNK1507,10/29/2018, $21.00 ,Amazon Smile,
REV-001017,C-HP,Donation,UNK1542,11/2/2018, $91.00 ,Picture Day 2018,
REV-001018,C-LCV,Donation,,11/2/2018, $510.00 ,Halloween Party,
REV-001019,C-LCV,Donation,,11/14/2018, $101.00 ,Cafe Wednesdays,
REV-001020,C-Corp,Donation,UNK1560,11/15/2018," $1,000.00 ",In Pat's Memory,
REV-001021,C-Corp,Donation,UNK1532,11/20/2018," $2,500.00 ",Sun & Fun Inaugural Family Picnic 2018,
REV-001022,C-Corp,Donation,UNK1538,11/20/2018," $2,500.00 ",Sun & Fun Inaugural Family Picnic 2018,
REV-001023,C-JP,Donation,,12/1/2018, $50.00 ,The Joy of Giving 2018,
REV-001024,C-Corp,Donation,IND1405,12/20/2018, $30.00 ,In Pat's Memory,
REV-001025,C-LCV,Donation,,12/21/2018, $109.00 ,Cafe Wednesdays,
REV-001026,C-LCV,Donation,,12/21/2018," $1,075.00 ",Teacher Appreciation,
REV-001027,C-Corp,Donation,IND1500,12/26/2018, $100.00 ,In Pat's Memory,
REV-001028,C-LCV,Donation,FAM0532,12/27/2018," $1,000.00 ",In Pat's Memory,
REV-001029,C-Corp,Donation,FAM0340,12/28/2018, $200.00 ,In Pat's Memory,
REV-001030,C-Corp,Donation,IND1215,12/31/2018, $100.00 ,In Pat's Memory,
REV-001031,C-Corp,Donation,UNK1550,1/11/2019, $250.00 ,In Pat's Memory,
REV-001032,C-LCV,Donation,,1/17/2019, $107.00 ,Cafe Wednesdays,
REV-001033,C-Corp,Donation,,1/19/2019, $20.00 ,In Pat's Memory,
REV-001034,C-Corp,Donation,FAM0020,1/25/2019, $500.00 ,In Pat's Memory,
REV-001035,C-Corp,Donation,FAM0161,1/25/2019, $200.00 ,In Pat's Memory,
REV-001036,C-Corp,Donation,FAM0184,1/25/2019, $50.00 ,In Pat's Memory,
REV-001037,C-Corp,Donation,FAM0223,1/25/2019, $250.00 ,In Pat's Memory,
REV-001038,C-Corp,Donation,FAM0491,1/25/2019, $50.00 ,In Pat's Memory,
REV-001039,C-Corp,Donation,FAM0902,1/25/2019," $2,500.00 ",In Pat's Memory,
REV-001040,C-Corp,Donation,FAM1030,1/25/2019, $100.00 ,In Pat's Memory,
REV-001041,C-Corp,Donation,IND1123,1/25/2019, $30.00 ,In Pat's Memory,
REV-001042,C-Corp,Donation,IND1468,1/25/2019, $100.00 ,In Pat's Memory,
REV-001043,C-Corp,Donation,IND1470,1/25/2019, $100.00 ,In Pat's Memory,
REV-001044,C-Corp,Donation,,1/25/2019, $38.30 ,In Pat's Memory,
REV-001045,C-Corp,Donation,,1/25/2019, $50.00 ,In Pat's Memory,
REV-001046,C-LCV,Donation,UNK1523,2/14/2019, $50.00 ,Unprompted,
REV-001047,C-Corp,Donation,UNK1507,2/15/2019, $75.74 ,Amazon Smile,
REV-001048,C-Corp,Donation,,2/21/2019, $20.00 ,In Pat's Memory,
REV-001049,C-LCV,Donation,,2/21/2019, $132.00 ,Cafe Wednesdays,
REV-001050,C-LCV,Donation,,3/21/2019, $186.00 ,Cafe Wednesdays,
REV-001051,C-Corp,Donation,,4/3/2019, $100.00 ,Unprompted,
REV-001052,C-LCV,Donation,UNK1542,4/13/2019, $174.24 ,Picture Day 2019,
REV-001053,C-Corp,Donation,IND0372,4/19/2019, $100.00 ,In Pat's Memory,
REV-001054,C-HP,Donation,,4/26/2019, $300.00 ,Unprompted,
REV-001055,C-LCV,Donation,FAM0818,4/26/2019, $425.00 ,Unprompted,
REV-001056,C-LCV,Donation,,4/26/2019, $90.00 ,Cafe Wednesdays,
REV-001057,C-Corp,Donation,UNK1546,4/29/2019, $500.00 ,Sun & Fun Inaugural Family Picnic 2018,
REV-001058,C-HP,Donation,,5/2/2019, $200.00 ,Unprompted,
REV-001059,C-LCV,Donation,,5/2/2019, $306.00 ,Rummage Sale 2019,
REV-001060,C-HP,Donation,,5/4/2019, $50.00 ,Unprompted,
REV-001061,C-Corp,Donation,UNK1507,5/9/2019, $23.47 ,Amazon Smile,
REV-001062,C-HP,Donation,,5/11/2019," $3,000.00 ",Unprompted,
REV-001063,C-JP,Donation,UNK1542,5/11/2019, $283.73 ,Picture Day 2019,
REV-001064,C-LCV,Donation,,5/11/2019, $68.00 ,Cafe Wednesdays,
REV-001065,C-LCV,Donation,,5/11/2019, $935.00 ,Teacher Appreciation,
REV-001066,C-JP,Donation,UNK1542,5/24/2019, $245.11 ,Picture Day 2019,
REV-001067,C-Corp,Donation,,5/31/2019, $145.00 ,Sun & Fun Family Picnic 2019,
REV-001068,C-HP,Donation,,6/5/2019, $70.00 ,Sun & Fun Family Picnic 2019,
REV-001069,C-HP,Donation,,6/12/2019, $100.00 ,Sun & Fun Family Picnic 2019,
REV-001070,C-HP,Donation,UNK1542,6/14/2019, $159.10 ,Picture Day 2019,
REV-001071,C-HP,Donation,,6/14/2019, $210.00 ,Sun & Fun Family Picnic 2019,
REV-001072,C-Corp,Donation,,6/30/2019, $10.00 ,Sun & Fun Family Picnic 2019,
REV-001073,C-Corp,Donation,,6/30/2019, $100.00 ,Sun & Fun Family Picnic 2019,
REV-001074,Unknown,Donation,,6/30/2019, $230.00 ,Sun & Fun Family Picnic 2019,
REV-001075,C-LCV,Donation,,7/3/2019, $100.00 ,Music Class Fundraiser,
REV-001076,C-LCV,Donation,FAM0678,7/12/2019, $50.00 ,Sun & Fun Family Picnic 2019,
REV-001077,C-LCV,Donation,,7/13/2019, $115.00 ,Cafe Wednesdays,
REV-001078,C-Corp,Donation,,7/30/2019," $1,330.00 ",Sun & Fun Family Picnic 2019,
REV-001079,C-Corp,Donation,,7/31/2019, $380.00 ,Sun & Fun Family Picnic 2019,
REV-001080,C-Corp,Donation,,7/31/2019, $2.00 ,Sun & Fun Family Picnic 2019,
REV-001081,C-Corp,Donation,,8/3/2019, $60.00 ,Sun & Fun Family Picnic 2019,
REV-001082,C-Corp,Donation,,8/3/2019, $267.42 ,Sun & Fun Family Picnic 2019,
REV-001083,C-Corp,Donation,,8/5/2019, $620.00 ,Sun & Fun Family Picnic 2019,
REV-001084,C-Corp,Donation,,8/5/2019, $910.00 ,Sun & Fun Family Picnic 2019,
REV-001085,C-Corp,Donation,UNK1507,8/9/2019, $33.12 ,Amazon Smile,
REV-001086,C-Corp,Donation,,8/12/2019, $724.00 ,Sun & Fun Family Picnic 2019,
REV-001087,C-JP,Donation,,8/13/2019, $40.00 ,Sun & Fun Family Picnic 2019,
REV-001088,C-LCV,Donation,,8/17/2019, $200.00 ,Sun & Fun Family Picnic 2019,
REV-001089,C-Corp,Donation,UNK1546,8/29/2019," $1,000.00 ",Sun & Fun Family Picnic 2019,
REV-001090,C-Corp,Donation,,8/29/2019, $40.00 ,Sun & Fun Family Picnic 2019,
REV-001091,C-JP,Donation,,8/29/2019," $1,000.00 ",Sun & Fun Family Picnic 2019,
REV-001092,C-LCV,Donation,,8/29/2019, $60.00 ,Sun & Fun Family Picnic 2019,
REV-001093,Unknown,Donation,,9/5/2019, $248.00 ,Sun & Fun Family Picnic 2019,
REV-001094,C-LCV,Donation,,9/27/2019, $200.00 ,Cafe Wednesdays,
REV-001095,C-Corp,Donation,UNK1518,10/14/2019, $500.00 ,Sun & Fun Family Picnic 2019,
REV-001096,C-Corp,Donation,UNK1542,10/14/2019, $73.61 ,Picture Day 2019,
REV-001097,C-HP,Donation,UNK1542,10/31/2019, $132.73 ,Picture Day 2019,
REV-001098,C-JP,Donation,UNK1514,11/4/2019," $2,500.00 ",CD-1 Supplies,
REV-001099,C-LCV,Donation,,11/5/2019, $144.00 ,Teacher Appreciation,
REV-001100,C-Corp,Donation,FAM0043,11/7/2019," $10,000.00 ",In Pat's Memory,
REV-001101,C-Corp,Donation,UNK1560,11/26/2019," $1,000.00 ",In Pat's Memory,
REV-001102,C-JP,Donation,,11/26/2019, $376.17 ,Unprompted,
REV-001103,C-JP,Donation,,12/2/2019, $50.00 ,Unprompted,
REV-001104,C-Corp,Donation,IND1405,12/6/2019, $30.00 ,In Pat's Memory,
REV-001105,C-JP,Donation,UNK1542,12/6/2019, $290.62 ,Picture Day 2019,
REV-001106,C-LCV,Donation,IND1462,12/19/2019, $50.00 ,Unprompted,
REV-001107,C-Corp,Donation,UNK1551,12/26/2019, $50.00 ,In Pat's Memory,
REV-001108,C-JP,Donation,UNK1509,12/26/2019, $50.00 ,In Pat's Memory,
REV-001109,C-Corp,Donation,FAM0340,12/27/2019, $200.00 ,In Pat's Memory,
REV-001110,C-Corp,Donation,FAM0020,12/31/2019, $500.00 ,In Pat's Memory,
REV-001111,C-LCV,Donation,FAM0902,1/6/2020," $2,500.00 ",In Pat's Memory,
REV-001112,C-HP,Donation,FAM0237,1/15/2020, $100.00 ,Training and Staff Development; CAAEYC 2020,
REV-001113,C-HP,Donation,IND1502,1/16/2020, $16.67 ,Training and Staff Development; CAAEYC 2020,
REV-001114,C-JP,Donation,IND1502,1/16/2020, $16.67 ,Training and Staff Development; CAAEYC 2020,
REV-001115,C-LCV,Donation,FAM0378,1/16/2020, $100.00 ,Training and Staff Development; CAAEYC 2020,
REV-001116,C-LCV,Donation,IND1429,1/16/2020, $100.00 ,Training and Staff Development; CAAEYC 2020,
REV-001117,C-LCV,Donation,IND1502,1/16/2020, $16.66 ,Training and Staff Development; CAAEYC 2020,
REV-001118,C-JP,Donation,IND1499,1/21/2020, $500.00 ,Training and Staff Development; CAAEYC 2020,
REV-001119,C-JP,Donation,IND1210,1/22/2020, $500.00 ,Training and Staff Development; CAAEYC 2020,
REV-001120,C-Corp,Donation,,1/23/2020, $101.00 ,In Pat's Memory,
REV-001121,C-JP,Donation,IND1493,1/23/2020, $100.00 ,Training and Staff Development; CAAEYC 2020,
REV-001122,C-HP,Donation,FAM0188,1/24/2020, $100.00 ,Training and Staff Development; CAAEYC 2020,
REV-001123,C-HP,Donation,FAM0301,1/24/2020, $50.00 ,Training and Staff Development; CAAEYC 2020,
REV-001124,C-JP,Donation,IND1209,1/24/2020, $100.00 ,Training and Staff Development; CAAEYC 2020,
REV-001125,C-HP,Donation,FAM0053,1/27/2020, $100.00 ,Training and Staff Development; CAAEYC 2020,
REV-001126,C-HP,Donation,FAM0347,1/27/2020, $100.00 ,Training and Staff Development; CAAEYC 2020,
REV-001127,C-HP,Donation,IND1483,1/27/2020, $500.00 ,Training and Staff Development; CAAEYC 2020,
REV-001128,C-JP,Donation,UNK1447,1/27/2020, $500.00 ,Training and Staff Development; CAAEYC 2020,
REV-001129,C-LCV,Donation,FAM0004,1/28/2020, $100.00 ,Training and Staff Development; CAAEYC 2020,
REV-001130,C-HP,Donation,FAM0063,1/28/2020, $100.00 ,Training and Staff Development; CAAEYC 2020,
REV-001131,C-HP,Donation,FAM0206,1/28/2020, $250.00 ,Training and Staff Development; CAAEYC 2020,
REV-001132,C-HP,Donation,FAM0376,1/28/2020, $50.00 ,Training and Staff Development; CAAEYC 2020,
REV-001133,C-JP,Donation,IND0402,1/28/2020, $100.00 ,Training and Staff Development; CAAEYC 2020,
REV-001134,C-JP,Donation,IND1109,1/28/2020, $100.00 ,Training and Staff Development; CAAEYC 2020,
REV-001135,C-JP,Donation,IND1129,1/28/2020, $50.00 ,Training and Staff Development; CAAEYC 2020,
REV-001136,C-JP,Donation,IND1393,1/28/2020, $50.00 ,Training and Staff Development; CAAEYC 2020,
REV-001137,C-LCV,Donation,FAM0219,1/28/2020, $100.00 ,Training and Staff Development; CAAEYC 2020,
REV-001138,C-LCV,Donation,FAM0267,1/28/2020, $50.00 ,Training and Staff Development; CAAEYC 2020,
REV-001139,C-LCV,Donation,FAM0678,1/28/2020, $100.00 ,Training and Staff Development; CAAEYC 2020,
REV-001140,C-LCV,Donation,IND0040,1/28/2020, $50.00 ,Training and Staff Development; CAAEYC 2020,
REV-001141,C-HP,Donation,FAM0961,1/29/2020, $100.00 ,Training and Staff Development; CAAEYC 2020,
REV-001142,C-JP,Donation,IND1095,1/29/2020, $100.00 ,Training and Staff Development; CAAEYC 2020,
REV-001143,C-JP,Donation,UNK1478,1/29/2020, $50.00 ,Training and Staff Development; CAAEYC 2020,
REV-001144,C-LCV,Donation,FAM0902,1/29/2020, $250.00 ,Training and Staff Development; CAAEYC 2020,
REV-001145,C-HP,Donation,FAM0491,1/30/2020, $500.00 ,Training and Staff Development; CAAEYC 2020,
REV-001146,C-LCV,Donation,FAM0690,1/30/2020, $50.00 ,Training and Staff Development; CAAEYC 2020,
REV-001147,C-LCV,Donation,FAM0818,1/30/2020, $100.00 ,Training and Staff Development; CAAEYC 2020,
REV-001148,C-LCV,Donation,IND1138,1/30/2020, $50.00 ,Training and Staff Development; CAAEYC 2020,
REV-001149,C-LCV,Donation,IND1417,1/30/2020, $100.00 ,Training and Staff Development; CAAEYC 2020,
REV-001150,C-LCV,Donation,IND1440,1/30/2020, $50.00 ,Training and Staff Development; CAAEYC 2020,
REV-001151,C-Corp,Donation,,1/31/2020, $110.00 ,In Pat's Memory,
REV-001152,C-HP,Donation,FAM0442,1/31/2020, $100.00 ,Training and Staff Development; CAAEYC 2020,
REV-001153,C-JP,Donation,IND1262,1/31/2020, $50.00 ,Training and Staff Development; CAAEYC 2020,
REV-001154,C-JP,Donation,IND1368,1/31/2020, $250.00 ,Training and Staff Development; CAAEYC 2020,
REV-001155,C-JP,Donation,IND1481,1/31/2020, $50.00 ,Training and Staff Development; CAAEYC 2020,
REV-001156,C-LCV,Donation,FAM0709,1/31/2020, $50.00 ,Training and Staff Development; CAAEYC 2020,
REV-001157,C-LCV,Donation,IND1034,1/31/2020, $50.00 ,Training and Staff Development; CAAEYC 2020,
REV-001158,C-LCV,Donation,IND1238,1/31/2020, $50.00 ,Training and Staff Development; CAAEYC 2020,
REV-001159,C-JP,Donation,FAM0709,2/1/2020, $20.00 ,Training and Staff Development; CAAEYC 2020,
REV-001160,C-JP,Donation,IND1458,2/1/2020, $100.00 ,Training and Staff Development; CAAEYC 2020,
REV-001161,C-JP,Donation,IND1502,2/12/2020, $20.00 ,Training and Staff Development; CAAEYC 2020,
REV-001162,C-LCV,Donation,FAM0997,2/12/2020, $25.00 ,Training and Staff Development; CAAEYC 2020,
REV-001163,C-HP,Donation,FAM0896,2/13/2020, $25.00 ,Training and Staff Development; CAAEYC 2020,
REV-001164,C-HP,Donation,IND1502,2/13/2020, $20.00 ,Training and Staff Development; CAAEYC 2020,
REV-001165,C-JP,Donation,FAM1148,2/13/2020, $40.00 ,Training and Staff Development; CAAEYC 2020,
REV-001166,C-JP,Donation,IND1137,2/13/2020, $100.00 ,Training and Staff Development; CAAEYC 2020,
REV-001167,C-JP,Donation,IND1209,2/13/2020, $60.00 ,Training and Staff Development; CAAEYC 2020,
REV-001168,C-JP,Donation,IND1210,2/13/2020, $140.00 ,Training and Staff Development; CAAEYC 2020,
REV-001169,C-JP,Donation,IND1270,2/13/2020, $45.00 ,Training and Staff Development; CAAEYC 2020,
REV-001170,C-JP,Donation,IND1453,2/13/2020, $200.00 ,Training and Staff Development; CAAEYC 2020,
REV-001171,C-JP,Donation,IND1497,2/13/2020, $20.00 ,Training and Staff Development; CAAEYC 2020,
REV-001172,C-LCV,Donation,IND1502,2/13/2020, $25.00 ,Training and Staff Development; CAAEYC 2020,
REV-001173,C-LCV,Donation,IND1138,2/14/2020, $20.00 ,Training and Staff Development; CAAEYC 2020,
REV-001174,C-JP,Donation,FAM0016,2/15/2020, $100.00 ,Training and Staff Development; CAAEYC 2020,
REV-001175,C-JP,Donation,IND1449,2/15/2020, $100.00 ,Training and Staff Development; CAAEYC 2020,
REV-001176,C-JP,Donation,IND1456,2/15/2020, $65.00 ,Training and Staff Development; CAAEYC 2020,
REV-001177,C-JP,Donation,IND1425,2/18/2020, $40.00 ,Training and Staff Development; CAAEYC 2020,
REV-001178,C-HP,Donation,IND0967,2/19/2020, $20.00 ,Training and Staff Development; CAAEYC 2020,
REV-001179,C-JP,Donation,IND1190,2/20/2020, $40.00 ,Training and Staff Development; CAAEYC 2020,
REV-001180,C-LCV,Donation,FAM0157,2/21/2020, $100.00 ,Training and Staff Development; CAAEYC 2020,
REV-001181,C-LCV,Donation,IND0164,2/21/2020, $20.00 ,Training and Staff Development; CAAEYC 2020,
REV-001182,C-Corp,Donation,,2/25/2020, $1.00 ,Training and Staff Development; CAAEYC 2020,
REV-001183,C-HP,Donation,IND1238,2/26/2020, $20.00 ,Training and Staff Development; CAAEYC 2020,
REV-001184,C-JP,Donation,IND1486,2/26/2020, $250.00 ,Training and Staff Development; CAAEYC 2020,
REV-001185,C-JP,Donation,IND1577,2/26/2020, $100.00 ,Training and Staff Development; CAAEYC 2020,
REV-001186,C-HP,Donation,FAM0254,2/27/2020, $50.00 ,Training and Staff Development; CAAEYC 2020,
REV-001187,C-LCV,Donation,FAM0004,2/28/2020, $20.00 ,Training and Staff Development; CAAEYC 2020,
REV-001188,C-HP,Donation,FAM0822,2/28/2020, $50.00 ,Training and Staff Development; CAAEYC 2020,
REV-001189,C-HP,Donation,FAM0937,2/28/2020, $20.00 ,Training and Staff Development; CAAEYC 2020,
REV-001190,C-HP,Donation,FAM0954,2/28/2020, $25.00 ,Training and Staff Development; CAAEYC 2020,
REV-001191,C-HP,Donation,FAM0954,2/28/2020, $25.00 ,Training and Staff Development; CAAEYC 2020,
REV-001192,C-HP,Donation,IND1483,2/28/2020, $80.00 ,Training and Staff Development; CAAEYC 2020,
REV-001193,C-HP,Donation,FAM0067,2/29/2020, $40.00 ,Training and Staff Development; CAAEYC 2020,
REV-001194,C-HP,Donation,FAM0347,2/29/2020, $20.00 ,Training and Staff Development; CAAEYC 2020,
REV-001195,C-HP,Donation,FAM0918,2/29/2020, $40.00 ,Training and Staff Development; CAAEYC 2020,
REV-001196,C-HP,Donation,FAM0922,2/29/2020, $50.00 ,Training and Staff Development; CAAEYC 2020,
REV-001197,C-HP,Donation,IND0534,2/29/2020, $20.00 ,Training and Staff Development; CAAEYC 2020,
REV-001198,C-LCV,Donation,IND1418,2/29/2020, $20.00 ,Training and Staff Development; CAAEYC 2020,
REV-001199,C-Corp,Donation,IND1149,3/5/2020, $50.00 ,Donation re Farmers Market,
REV-001200,Unknown,Donation,,4/4/2020, $87.48 ,Unprompted,
REV-001201,C-Corp,Donation,UNK1553,4/30/2020, $250.00 ,Grant 25008 Cochran-Bond Investment Group,
REV-001202,C-Corp,Donation,,4/30/2020," $5,500.00 ",Sun & Fun Family Picnic 2019,
REV-001203,C-Corp,Donation,UNK1553,5/31/2020, $250.00 ,Check from Pasadena Community Foundation,
REV-001204,C-JP,Donation,UNK1559,9/30/2020, $444.80 ,Scholastic Book Fair,
REV-001205,C-Corp,Donation,,10/1/2020, $9.42 ,Unprompted,
REV-001206,C-LCV,Donation,UNK1575,10/2/2020," $1,000.00 ",Unprompted,
REV-001207,C-Corp,Donation,UNK1507,11/24/2020, $42.58 ,Amazon Smile,
REV-001208,C-Corp,Donation,UNK1551,11/24/2020, $60.00 ,Unprompted,
REV-001209,C-Corp,Donation,UNK1555,11/24/2020, $574.59 ,Unprompted,
REV-001210,C-Corp,Donation,FAM0043,12/31/2020," $10,000.00 ",In Pat's Memory,
REV-001211,C-Corp,Donation,IND1237,12/31/2020, $200.00 ,Unprompted,
REV-001212,C-Corp,Donation,IND1405,12/31/2020, $30.00 ,Unprompted,
REV-001213,C-Corp,Donation,IND1477,12/31/2020, $100.00 ,Unprompted,
REV-001214,C-Corp,Donation,UNK1551,1/1/2021, $50.00 ,Unprompted,
REV-001215,C-Corp,Donation,UNK1507,2/1/2021, $32.31 ,Amazon Smile,
REV-001216,C-Corp,Donation,,3/31/2021, $3.00 ,Unprompted,
REV-001217,C-Corp,Donation,,4/1/2021, $1.00 ,Unprompted,
REV-001218,C-Corp,Donation,FAM0902,4/15/2021, $555.56 ,Unprompted,
REV-001219,C-Corp,Donation,,5/1/2021, $1.00 ,Unprompted,
REV-001220,C-Corp,Donation,UNK1507,5/28/2021, $33.71 ,Amazon Smile,
REV-001221,C-Corp,Donation,,5/28/2021, $130.00 ,Unprompted,
REV-001222,Unknown,Donation,,6/30/2021, $1.00 ,Unprompted,
REV-001223,Unknown,Donation,UNK1564,8/26/2021, $84.44 ,Unprompted,
REV-001224,C-Corp,Donation,UNK1507,8/31/2021, $51.74 ,Amazon Smile,
REV-001225,Unknown,Donation,,8/31/2021, $5.00 ,Unprompted,
REV-001226,Unknown,Donation,,9/30/2021, $5.00 ,Unprompted,
REV-001227,C-Corp,Donation,,10/31/2021, $1.00 ,Unprompted,
REV-001228,C-Corp,Donation,UNK1507,11/30/2021, $68.82 ,Amazon Smile,
REV-001229,C-Corp,Donation,,11/30/2021, $102.00 ,Unprompted,
REV-001230,C-HP,Donation,UNK1542,11/30/2021, $144.52 ,Picture Day 2021,
REV-001231,C-Corp,Donation,IND0052,12/29/2021, $100.00 ,Unprompted,
REV-001232,C-Corp,Donation,IND0372,12/29/2021, $125.00 ,Unprompted,
REV-001233,C-Corp,Donation,UNK1560,12/29/2021," $2,000.00 ",Unprompted,
REV-001234,C-Corp,Donation,UNK1575,12/29/2021," $1,000.00 ",Unprompted,
REV-001235,C-Corp,Donation,FAM0020,12/31/2021, $500.00 ,Unprompted,
REV-001236,C-Corp,Donation,FAM0043,12/31/2021," $10,000.00 ",In Pat's Memory,
REV-001237,C-Corp,Donation,UNK1550,1/5/2022, $500.00 ,Unprompted,
REV-001238,C-JP,Donation,UNK1542,1/5/2022, $211.67 ,Picture Day 2022,
REV-001239,C-Corp,Donation,UNK1507,3/29/2022, $73.98 ,Amazon Smile,
REV-001240,C-JP,Donation,IND1136,3/29/2022, $200.00 ,Unprompted,
REV-001241,C-Corp,Donation,,3/31/2022, $250.00 ,Unprompted,
REV-001242,C-Corp,Donation,,4/30/2022, $2.00 ,Unprompted,
REV-001243,C-LCV,Donation,FAM1010,4/30/2022, $50.00 ,Unprompted,
REV-001244,C-Corp,Donation,UNK1507,5/31/2022, $64.90 ,Amazon Smile,
REV-001245,C-Corp,Donation,UNK1542,5/31/2022, $100.32 ,Picture Day 2022,
REV-001246,C-Corp,Donation,UNK1576,5/31/2022, $238.00 ,Unprompted,
REV-001247,C-Corp,Donation,UNK1542,6/16/2022, $192.57 ,Picture Day 2022,
REV-001248,C-Corp,Donation,IND1149,7/31/2022, $25.00 ,Unprompted,
REV-001249,C-Corp,Donation,IND1149,7/31/2022, $25.00 ,Unprompted,
REV-001250,C-Corp,Donation,IND1405,9/30/2022, $30.00 ,Unprompted,
REV-001251,C-Corp,Donation,IND1405,9/30/2022, $30.00 ,Unprompted,
REV-001252,C-Corp,Donation,UNK1507,9/30/2022, $60.95 ,Amazon Smile,
REV-001253,C-Corp,Donation,UNK1507,9/30/2022, $60.95 ,Amazon Smile,
REV-001254,C-Corp,Donation,UNK1542,9/30/2022, $145.63 ,Picture Day 2022,
REV-001255,C-JP,Donation,UNK1539,10/31/2022, $10.58 ,Ralph's Fundraiser,
REV-001256,C-Corp,Donation,UNK1507,11/1/2022, $59.33 ,Amazon Smile,
REV-001257,C-Corp,Donation,UNK1507,11/1/2022, $59.33 ,Amazon Smile,
REV-001258,C-Corp,Donation,IND1405,12/31/2022, $30.00 ,Unprompted,
REV-001259,C-Corp,Donation,UNK1542,12/31/2022, $233.86 ,Picture Day 2022,
REV-001260,C-Corp,Donation,UNK1562,12/31/2022," $1,407.00 ",Joy on York Mexican Cookies 2022,
REV-001261,C-Corp,Donation,UNK1575,12/31/2022," $2,000.00 ",Unprompted,
REV-001262,C-LCV,Donation,IND1405,12/31/2022, $30.00 ,Unprompted,
REV-001263,Unknown,Donation,UNK1542,12/31/2022, $110.70 ,Picture Day 2022,
REV-001264,C-Corp,Donation,FAM0020,2/1/2023, $500.00 ,Unprompted,
REV-001265,Unknown,Donation,,2/18/2023, $930.00 ,Unprompted,
REV-001266,C-Corp,Donation,UNK1507,2/28/2023, $69.23 ,Amazon Smile,
REV-001267,C-Corp,Donation,UNK1507,2/28/2023, $69.23 ,Amazon Smile,
REV-001268,C-Corp,Donation,UNK1507,5/31/2023, $37.55 ,Amazon Smile,
REV-001269,C-Corp,Donation,UNK1507,5/31/2023, $77.44 ,Amazon Smile,
REV-001270,C-Corp,Donation,UNK1507,5/31/2023, $37.55 ,Amazon Smile,
REV-001271,C-Corp,Donation,UNK1507,5/31/2023, $77.44 ,Amazon Smile,
REV-001272,C-JP,Donation,UNK1539,4/8/2024, $28.07 ,Ralph's Fundraiser,
REV-001273,C-Corp,Donation,IND0637,4/20/2024, $500.00 ,Panicked Phone Calls 2024,
REV-001274,C-Corp,Donation,IND0372,4/22/2024, $100.00 ,Unprompted,
REV-001275,C-Corp,Donation,,4/26/2024, $471.05 ,Preencoded Deposit,
REV-001276,C-Corp,Donation,FAM0043,4/30/2024, $511.66 ,Blake's Mailer,
REV-001277,C-Corp,Donation,FAM0020,5/13/2024, $520.00 ,Blake's Mailer,
REV-001278,C-Corp,Donation,FAM0666,5/25/2024, $20.00 ,Blake's Mailer,
REV-001279,C-Corp,Donation,FAM0881,6/10/2024, $100.00 ,Blake's Mailer,
REV-001280,Unknown,Donation,UNK1542,6/20/2024, $150.60 ,Picture Day 2024,
REV-001281,Unknown,Donation,UNK1542,7/4/2024, $149.17 ,Picture Day 2024,
REV-001282,Unknown,Donation,UNK1542,7/4/2024, $151.08 ,Picture Day 2024,
REV-001283,C-Corp,Donation,UNK1562,8/13/2024," $1,253.00 ",Joy on York Mexican Cookies 2024,
REV-001284,C-Corp,Donation,FAM0640,12/11/2024, $2.38 ,Appeal Letter 2025,
REV-001285,C-Corp,Donation,FAM0020,12/31/2024, $477.56 ,Appeal Letter 2025,
,,,,,,,
